reach,row,col,Channel,d
-1,35,34,535,36.392499402057005
0,31,41,85,116.72226670538141
1,100,57,128,117.06716405001825
2,67,80,136,74.9025454406043
3,121,52,413,40.29540514865177
4,139,96,145,58.069234935928115
5,35,31,399,69.61992423277677
6,107,49,194,109.62922666265011
7,23,48,183,114.71431802115363
8,77,93,245,32.77499392237507
9,70,57,450,18.066693867413598
10,42,49,206,116.71992833014673
11,54,26,257,24.114348105969512
12,146,89,272,51.640876650612356
13,39,39,364,31.323780796513976
14,57,53,330,47.95056175067575
15,74,13,282,19.020752012385827
16,88,14,591,15.592259064831671
17,72,80,428,7.664423278569785
18,59,85,393,82.2657420575068
19,109,51,304,81.65666566825155
20,131,29,494,17.750140634678623
20,131,29,410,17.750140634678623
20,131,29,306,17.750140634678623
21,142,77,555,48.902096984093546
22,107,31,310,110.02798054847871
23,107,94,550,41.37999842627888
24,76,87,201,24.566851485813892
25,28,37,317,59.738569843624816
26,98,30,237,21.035427924206104
27,27,55,322,34.39343987527423
28,91,29,487,22.284390090198208
29,63,33,522,81.51246735873795
30,40,25,503,48.81516656066095
31,129,47,22,3.840713231828613
32,132,18,404,16.395615491837393
33,49,44,346,7.918043939840812
34,74,59,475,22.008864562656
35,53,28,486,79.7418626489997
36,44,50,436,17.70721674380887
37,65,30,532,31.24945824079621
38,48,44,346,5.431879436216916
39,33,38,585,7.972744278608566
40,75,14,458,41.991791414930454
41,119,98,447,56.77608621225781
42,110,21,358,62.12703924531098
43,129,93,360,26.938762776520807
44,35,26,455,67.41249214520987
45,64,50,366,22.050707597248195
46,50,48,384,18.99660716127266
47,128,8,445,19.526390125759647
48,136,92,372,18.67386483276824
49,77,73,373,35.56505371728326
50,136,41,391,35.1739218188086
51,94,97,472,26.696864191504126
52,135,69,382,47.97665594213569
53,35,33,70,77.88957774180382
54,31,42,89,120.24147585035456
55,101,57,112,85.95672272069935
56,67,81,121,22.63184281362198
57,121,53,279,1.266485468025848
58,139,95,145,65.40099576701259
59,35,32,399,70.595942816668
60,107,48,194,84.102806255926
61,22,48,205,70.40632296048514
62,77,92,211,62.67817682886308
63,70,56,217,3.2141726717497257
64,42,50,340,60.16864317434256
64,42,50,441,60.16864317434256
65,54,27,257,97.71285419973067
66,146,88,272,18.621170429180665
67,39,38,276,121.9465404147731
68,56,53,280,19.504867954974653
69,73,13,282,116.4840885074627
70,88,15,298,20.265013613583985
71,71,81,301,107.7274326420429
72,59,86,444,87.62500673869499
73,110,51,592,5.286062066793328
74,131,30,306,4.2238229250412545
75,142,78,308,116.44521273224277
76,107,30,310,134.33290562141565
77,107,93,312,85.14481337935887
78,76,88,314,104.7672475623156
79,28,36,402,41.23044950905653
80,98,31,237,123.45187041472968
81,27,54,322,35.46249233686986
82,92,29,323,93.46421272605716
83,63,34,461,122.28985838940811
84,40,26,328,26.574915059609975
85,129,47,22,3.840713231828613
86,132,19,333,78.14621088236757
87,75,59,255,48.52649162471853
88,54,28,339,4.371713944756105
89,45,50,341,137.50423732942048
90,64,30,485,27.85897848470294
91,49,44,346,7.918043939840812
92,33,37,351,9.274693941598382
93,74,14,219,104.13833523831642
94,118,98,447,122.51431983943257
94,118,98,355,122.51431983943257
94,118,98,270,122.51431983943257
95,110,20,358,108.29718370090002
96,128,93,360,164.58861522875677
97,36,26,289,103.79413852530176
98,64,49,495,76.0498632980501
99,49,48,368,5.10888670437591
100,128,9,371,59.697326163184385
101,137,92,145,26.82584172739758
102,77,73,373,35.56505371728326
103,135,41,375,139.34080429426805
104,94,98,376,23.481757942910775
105,135,68,382,24.95309351647621
106,31,41,85,116.72226670538141
107,101,56,112,39.204899268374845
108,67,81,121,22.63184281362198
109,121,52,413,40.29540514865177
110,138,95,145,95.43944395328636
111,35,33,70,77.88957774180382
112,106,48,194,112.77191491719559
113,21,48,406,4.012165420663634
114,77,91,211,87.76117640775226
115,70,55,217,16.734947591823435
116,42,49,206,116.71992833014673
117,55,27,257,120.74070904136836
118,146,87,272,149.873914399498
119,39,37,69,166.08891447227097
119,39,37,276,166.08891447227097
120,56,52,280,26.37543409443152
121,73,12,369,56.443095921228476
122,89,15,298,110.05488879525272
123,72,81,301,111.70477478737874
124,60,86,303,41.01392636613658
125,110,51,592,5.286062066793328
126,131,30,306,4.2238229250412545
127,143,78,261,35.1934041584598
127,143,78,308,35.1934041584598
128,108,30,310,84.46353123093132
129,107,92,312,46.424181702215456
130,75,88,314,7.620188005605848
131,28,36,402,41.23044950905653
132,99,31,193,125.72404213921955
133,27,53,322,49.974629748173534
134,92,28,323,59.809341598926395
135,64,34,324,84.95512973681998
136,41,26,328,76.40282082389933
137,132,20,333,119.17362466970411
138,75,59,255,48.52649162471853
139,55,28,452,3.5320593850443753
140,45,49,341,46.05964294940588
141,64,30,485,27.85897848470294
142,49,44,346,7.918043939840812
143,33,36,351,10.572424409748603
144,74,13,282,19.020752012385827
145,118,99,355,80.02471732108812
146,111,20,358,42.17495967226632
147,128,92,360,3.423415248147964
148,38,26,590,15.894051455100547
149,65,49,366,97.99936769668103
150,48,48,368,51.382885172844375
151,128,9,371,59.697326163184385
152,137,91,132,70.93934392069629
153,77,73,373,35.56505371728326
154,135,42,375,74.85475513361476
155,94,99,376,20.4144820427651
156,134,68,382,142.25460387939157
157,31,40,85,113.69035932174032
158,101,55,112,138.74381463097876
159,68,81,111,61.89705023371023
160,122,52,117,12.891893395148246
161,138,94,145,48.456191799540015
162,106,47,194,35.05908649326111
163,23,48,183,114.71431802115363
164,77,90,211,128.27920077342029
165,70,54,217,30.362665972182945
166,43,49,206,65.00917698312716
167,55,28,452,3.5320593850443753
168,145,87,272,18.92469029487986
169,42,38,127,70.8976485809695
170,56,51,280,109.56498665294555
171,89,16,298,44.96840318226625
172,72,82,101,5.075453657653718
173,60,87,303,153.35438809380489
174,130,30,291,134.17410476848445
175,143,78,261,35.1934041584598
175,143,78,308,35.1934041584598
176,109,30,310,101.26745304696166
177,108,92,312,131.49457227029686
178,74,88,314,159.24023662068254
179,29,36,262,47.181215159764704
180,27,52,322,48.18196063329141
181,93,28,323,21.90608249506897
182,64,35,260,97.03134961422346
183,41,26,328,76.40282082389933
184,131,20,333,126.87992981588569
185,76,59,255,117.25734692936675
186,45,48,283,24.259897507171246
187,64,31,284,21.43053168539191
188,50,44,286,60.246392408983425
189,73,14,415,34.009591062442695
190,118,100,355,17.359015161898622
191,112,20,358,39.81629324391515
192,128,91,360,29.788066364852384
193,37,26,289,99.60320173464136
194,65,49,366,97.99936769668103
195,47,49,577,40.511206149066254
196,127,9,258,15.859681326053884
197,77,72,593,14.712634128003168
198,134,42,375,30.19079181768576
199,93,99,376,37.409521137881846
200,134,67,382,87.6253922408551
201,31,39,85,110.72548459521663
202,102,55,112,30.072953147361282
203,69,81,111,1.787798450343498
204,122,52,117,12.891893395148246
205,138,93,145,42.61904777992052
206,106,46,194,20.886578732956146
207,23,49,183,133.68870232951588
208,78,90,211,115.06689270505673
209,70,53,217,115.23395769831775
210,43,48,206,33.800967759469835
211,55,28,452,3.5320593850443753
212,145,86,549,44.5027955632278
213,41,38,69,135.7358238889682
214,55,51,213,72.83108457474272
215,90,16,298,131.0807013448583
216,61,87,303,71.75462006380852
217,130,31,291,85.47077052412308
218,143,78,261,35.1934041584598
218,143,78,308,35.1934041584598
219,110,30,288,45.811069576581744
220,108,91,312,90.85051169500957
221,74,89,438,9.237293827721722
222,30,36,407,40.91601779901561
223,28,52,322,17.93086685504245
224,93,27,323,83.95164866812155
225,64,35,260,97.03134961422346
226,41,27,252,25.10524735512313
227,131,21,333,88.68456295752107
228,76,58,255,116.54436243860238
229,45,48,283,24.259897507171246
230,64,31,284,21.43053168539191
231,50,43,286,41.71579090317114
232,74,14,219,104.13833523831642
233,117,100,355,49.58775852657823
234,112,20,358,39.81629324391515
235,127,91,360,123.35673690087134
236,36,26,289,103.79413852530176
237,65,48,295,34.33429925630903
238,47,48,368,120.62298428305137
239,126,9,258,149.47434147780515
240,77,72,593,14.712634128003168
241,133,42,375,75.12751854027834
242,92,99,327,67.24083394490329
243,133,67,382,56.627402307589314
244,31,38,85,112.1813601986324
245,102,54,112,86.67486989566551
246,70,81,111,61.62775683948339
247,122,51,504,60.787881288562005
248,137,93,145,169.12271620047431
249,106,45,194,27.820764578096078
250,24,49,183,109.21803925223851
251,77,89,211,38.36160588086118
252,71,53,178,26.495407085357986
253,43,47,181,38.6865763339233
253,43,47,206,38.6865763339233
254,55,29,224,57.555400574468855
255,143,83,210,93.69609220401809
256,41,37,69,114.10146085570237
257,55,51,213,72.83108457474272
258,90,17,298,1.0533308212159396
259,62,87,303,52.52107984587092
260,129,31,291,23.909450298363037
261,143,79,225,85.39263440676535
262,110,30,288,45.811069576581744
263,109,91,312,110.03306168906381
264,30,36,407,40.91601779901561
265,29,52,463,3.9836190066931607
266,94,27,250,37.078582480494646
267,41,28,243,25.31500449239719
268,131,22,333,54.42430936561727
269,77,58,255,100.41472076137327
270,44,48,283,164.74096122885385
271,64,32,171,17.540514230586055
272,50,42,420,45.386993622127626
273,74,13,282,19.020752012385827
274,117,101,355,64.95894676663399
275,112,21,249,128.49030584348054
276,127,90,274,50.866389389370475
277,38,26,590,15.894051455100547
278,65,47,295,10.505695276690837
279,46,48,248,22.014902589938227
280,126,10,258,11.871853372233286
281,77,71,163,138.21740442424849
282,133,41,375,132.51563792303585
283,92,98,327,66.87607690125255
284,133,66,382,108.8332195863021
285,31,37,85,114.57707790682923
286,103,54,112,60.33475406153065
287,70,82,111,123.89449726601822
288,123,51,104,44.52623696932997
289,137,92,145,26.82584172739758
290,106,44,194,23.932728202113033
291,24,48,183,117.70010062353579
292,77,88,211,90.89263482800952
293,71,52,168,63.57044754405039
294,43,47,181,38.6865763339233
294,43,47,206,38.6865763339233
295,55,30,224,28.34106516529943
296,143,84,210,85.5216647317569
297,40,37,69,113.53966386891972
298,55,51,213,72.83108457474272
299,90,18,298,79.67694887752218
300,62,87,303,52.52107984587092
301,129,31,291,23.909450298363037
302,144,79,5,76.32382578706496
303,110,31,238,132.30638922183408
304,108,90,312,132.77551125524656
305,30,35,232,37.490262691685295
306,29,52,463,3.9836190066931607
307,41,28,243,25.31500449239719
308,130,22,333,32.51259624714894
309,77,59,255,118.61559037836064
310,44,47,241,89.45851816313852
311,64,33,171,89.61460525229091
312,51,42,286,53.40979093967213
313,73,14,415,34.009591062442695
314,117,102,355,154.02219436407486
315,113,21,249,92.50651757410635
316,127,90,274,50.866389389370475
317,39,26,242,89.32791093516964
318,65,46,401,1.364048790179835
319,44,47,241,89.45851816313852
320,126,11,258,145.20370071645507
321,78,71,163,17.928667732853043
322,132,42,375,61.670278018540635
323,92,97,327,66.51131985760316
324,134,66,382,115.2605646573007
325,31,36,85,117.52753229273932
326,103,53,103,76.29750066284583
327,71,82,111,2.6574835776972776
328,123,51,104,44.52623696932997
329,137,91,132,70.93934392069629
330,106,43,194,136.29560072757457
331,25,48,183,90.25143834126142
332,76,88,314,104.7672475623156
333,71,53,178,26.495407085357986
334,42,47,181,17.241307292717035
335,56,30,224,125.46227076147257
336,144,84,210,100.05480007227676
337,39,37,69,166.08891447227097
337,39,37,276,166.08891447227097
338,54,51,186,35.633624169268415
339,91,19,298,123.10399944368565
340,62,88,293,124.53212204039784
341,128,31,294,13.739136706133898
342,144,80,6,11.77518748347224
343,111,31,238,117.75040678900231
344,109,90,312,29.303448342995452
345,30,34,199,34.2460207069184
346,29,51,247,25.580359978029836
347,41,29,243,23.68423751712057
348,130,23,333,94.10330066961056
349,78,59,255,64.16131017520871
350,64,34,324,84.95512973681998
351,51,42,286,53.40979093967213
352,73,15,152,36.525754738867896
353,116,102,355,48.284261181911674
354,113,22,249,97.91204276544505
355,127,89,274,90.96513655041403
356,39,27,242,114.18522221099691
357,65,46,401,1.364048790179835
358,45,47,248,46.89944579174614
359,125,11,258,89.30080213314925
360,79,71,163,88.17958196459325
361,131,42,375,115.76916117273254
362,92,97,327,66.51131985760316
363,32,36,85,59.361756380619234
364,104,53,586,79.61318026509578
365,72,82,101,5.075453657653718
366,123,50,104,21.565507177573775
367,137,91,132,70.93934392069629
368,105,43,194,34.09815833805166
369,25,47,183,60.94762703488828
370,76,87,201,24.566851485813892
371,71,52,168,63.57044754405039
372,41,47,511,23.019765386103327
373,56,31,224,72.49276293077193
374,144,85,210,29.34465128833691
375,54,51,186,35.633624169268415
376,90,19,298,101.83759736749631
377,63,88,293,118.34819019176567
378,128,32,202,20.706737953068284
379,144,80,6,11.77518748347224
380,111,30,238,117.62997095721008
381,110,90,312,37.496427065850604
382,30,34,199,34.2460207069184
383,29,50,247,127.06670580705126
384,42,29,546,57.20182203842319
385,129,23,489,42.85649643061818
386,79,59,255,42.68927476008175
387,65,34,171,56.649835479671715
388,51,41,233,153.90928111575508
389,73,15,152,36.525754738867896
390,116,103,355,33.91613541615349
391,114,22,249,32.60723967090217
392,127,88,274,71.69930978186346
393,39,28,242,113.00996035398158
394,64,45,215,81.97357815670762
395,45,48,283,24.259897507171246
396,125,12,258,13.972545454916801
397,79,70,163,5.316680384955226
398,131,43,375,35.998531538573154
399,92,97,327,66.51131985760316
400,33,36,351,10.572424409748603
401,104,53,586,79.61318026509578
402,72,82,101,5.075453657653718
403,123,50,104,21.565507177573775
404,136,91,132,105.49911147727897
405,105,43,194,34.09815833805166
406,26,47,183,46.79821879206002
407,76,87,201,24.566851485813892
408,71,51,168,17.6269234424113
409,41,47,511,23.019765386103327
410,56,32,224,125.61191788520519
411,145,85,210,168.92530696675414
412,54,50,156,47.88995034411733
413,90,20,298,131.63136760448546
414,63,89,293,31.17183299300066
415,128,33,202,107.59974830574559
416,112,30,238,99.35156532874993
417,110,89,312,55.7412916222717
418,30,33,199,31.0015650542904
419,30,50,247,107.38621148332214
420,42,29,546,57.20182203842319
421,129,23,489,42.85649643061818
422,79,60,255,135.20464437949542
423,65,35,171,78.47529792545768
424,52,41,233,116.0633452113903
425,73,15,152,36.525754738867896
426,116,104,355,142.8811100813122
427,115,22,430,48.97381050588605
428,127,87,274,141.57709992410383
429,39,29,242,111.83469849696185
430,65,45,215,116.87530844010185
431,46,48,248,22.014902589938227
432,125,13,258,91.47302874639846
433,79,69,163,136.5982463264668
434,131,44,375,75.6625389375228
435,92,96,228,63.565137967580526
436,33,36,351,10.572424409748603
437,103,53,103,76.29750066284583
438,72,81,301,111.70477478737874
439,124,50,98,146.53925000379087
440,136,90,132,49.573261987702935
441,27,47,183,44.788399924706845
442,76,86,201,133.7239764906909
443,71,50,168,9.33408243957089
444,41,46,153,72.5233605543735
445,57,32,224,123.94487568694105
446,144,86,210,101.64046987273312
447,54,49,156,37.76190138825007
448,91,20,298,41.51943370360751
449,63,90,293,100.70244561627402
450,128,34,202,35.320057941493324
451,113,30,238,142.38391351356876
452,111,89,312,56.98736883463625
453,30,33,199,31.0015650542904
454,29,49,247,36.480419866289736
455,42,30,159,41.647378737237915
456,128,23,296,57.56852957799571
457,80,60,255,101.18198880787156
458,64,35,260,97.03134961422346
459,52,42,233,131.2442956428719
460,73,16,131,102.35636082247461
461,115,104,424,40.85251096864557
462,115,23,209,46.11445926721999
463,126,87,274,63.98144680371834
464,39,30,242,110.65943663994214
465,65,44,169,85.39194881870958
466,44,47,241,89.45851816313852
467,124,13,258,50.92422433421084
468,80,69,163,15.343843546938901
469,131,45,375,134.14887296034868
470,92,95,567,89.29598479008133
471,34,36,80,66.60229600618699
472,103,52,165,20.507060559719434
473,73,81,101,130.26009027909953
474,124,49,91,24.491093483328047
475,136,89,132,58.28425361582844
476,28,47,183,22.01395985882167
477,75,86,201,12.72978763696357
478,71,49,598,30.053605420147953
479,41,45,153,64.72843608876971
480,57,33,224,151.31100515184562
481,145,86,549,44.5027955632278
482,54,48,156,12.483359369515606
483,91,21,298,104.690103934148
484,64,90,293,22.235126944629467
485,128,35,202,45.463940018894135
486,113,31,238,102.93465078090593
487,112,89,312,61.18859468381975
488,31,33,166,76.02323018641432
489,28,49,247,107.00512540494849
490,42,30,159,41.647378737237915
491,127,23,296,81.73939210587116
492,80,59,255,52.318346711884324
493,64,35,260,97.03134961422346
494,53,42,233,109.50427830563052
495,73,16,131,102.35636082247461
496,118,98,447,122.51431983943257
496,118,98,355,122.51431983943257
496,118,98,270,122.51431983943257
497,115,23,209,46.11445926721999
498,126,86,274,114.60003718253374
499,39,31,242,109.48417478292899
500,65,44,169,85.39194881870958
501,44,46,241,31.712342079149597
502,124,14,335,110.13922824944191
503,81,69,163,128.18070896371583
504,130,45,375,80.05271015421421
505,91,95,195,44.371770055752
506,35,36,80,68.2821005492539
507,104,52,103,119.41156300414697
508,73,82,101,80.32984062166267
509,124,49,91,24.491093483328047
510,136,88,132,29.004532514605096
511,29,47,158,35.982816215604835
512,71,49,598,30.053605420147953
513,41,44,153,161.01920686187793
514,56,33,224,88.76166264218254
515,143,83,210,93.69609220401809
516,54,47,156,17.376439987999746
517,92,21,298,22.846865314474705
518,65,90,293,0.04306663523301272
519,128,36,202,107.77474002660348
520,114,31,238,105.53588160599892
521,112,88,312,116.85480217341193
522,31,33,166,76.02323018641432
523,28,48,558,5.407130961946572
524,42,31,159,5.474283475910143
525,127,24,296,115.74440660938836
526,80,58,255,151.16907792629863
527,65,35,171,78.47529792545768
528,54,42,233,107.02220447050497
529,73,17,115,56.46534050661984
530,118,97,270,26.921466942370127
531,115,24,191,14.987539702611194
532,127,86,274,74.8158486083051
533,39,32,242,108.30891292591365
534,65,43,169,3.1949890434851524
535,43,46,241,161.16683755273002
536,123,14,258,67.6889061041494
537,81,68,163,77.73679692312746
538,130,46,375,0.04769824067184793
539,91,95,195,44.371770055752
540,36,36,80,69.96190509232082
541,104,51,94,39.30808391629693
542,74,81,101,33.16101051607734
543,125,49,73,154.49127102904816
544,135,88,132,100.99048376782437
545,71,48,141,82.15125546492877
546,42,44,153,61.03335707065369
547,56,34,224,47.87132089855939
548,143,83,210,93.69609220401809
549,54,46,156,46.61277041667508
550,92,22,298,141.82643581633937
551,66,90,293,10.417740063647932
552,128,37,202,82.70928716981811
553,115,31,238,145.4830240296193
554,113,88,312,27.24335995487269
555,32,33,137,80.28439960583582
556,28,48,558,5.407130961946572
557,42,32,159,21.70636177587012
558,126,24,296,148.86457338201507
559,81,59,255,30.93775326074637
560,65,36,167,18.00953074293846
561,55,42,233,104.54013063537916
562,73,18,115,50.89098457538748
563,117,97,270,119.90015502580707
564,117,28,191,115.10990547291789
565,127,85,274,121.82563436048872
566,39,33,72,76.24307902028627
567,65,42,169,162.4925030181902
568,43,45,241,28.964369020054683
569,123,14,258,67.6889061041494
570,81,67,163,21.965627261239803
571,130,47,375,56.26247830764355
572,91,94,195,43.067398015788704
573,37,36,80,72.78259839543229
574,104,51,94,39.30808391629693
575,75,81,101,41.55279314426506
576,124,49,91,24.491093483328047
577,135,87,519,9.708652395927285
578,72,48,141,92.86551657337267
579,55,34,224,127.82510195726034
580,142,83,134,14.20484261194888
581,55,46,156,115.16205079551048
582,93,22,298,62.8546624979451
583,66,90,293,10.417740063647932
584,127,37,202,114.06258671939024
585,115,30,437,25.948195771960144
586,114,88,312,141.27282705514054
587,33,33,137,85.79897338218682
588,28,47,183,22.01395985882167
589,42,33,54,108.62622784042424
590,126,23,296,93.50156387201376
591,82,60,255,113.39451772155238
592,65,37,167,26.969333654801186
593,56,42,233,102.05805680025362
594,73,19,115,63.35193913056093
595,117,96,270,42.11250054400395
596,117,27,191,6.30101616507107
597,126,85,274,90.3488165614041
598,64,42,169,7.456840200478227
599,43,45,241,28.964369020054683
600,123,15,207,108.08158919449917
601,82,67,163,74.43719332344038
602,130,47,375,56.26247830764355
603,90,94,195,49.82270008429571
604,38,36,80,75.72804787629364
605,104,50,92,41.21475392676405
606,76,81,101,8.494637395917572
607,125,49,73,154.49127102904816
608,135,87,519,9.708652395927285
609,72,47,141,43.4024486065648
610,55,35,224,24.14230983332183
611,142,83,134,14.20484261194888
612,55,45,156,73.58525416077298
613,93,23,298,13.081326213393313
614,67,90,230,63.29732418756444
615,127,38,202,6.643170654014158
616,115,30,437,25.948195771960144
617,114,87,312,29.521446792147884
618,33,33,137,85.79897338218682
619,29,47,158,35.982816215604835
620,125,23,222,37.07360723924476
621,82,59,255,112.58445321438914
622,65,37,167,26.969333654801186
623,57,42,233,135.98616019282755
624,73,20,115,18.08465683604573
625,117,95,270,49.14872512686435
626,116,27,191,150.05749654359425
627,126,84,12,39.68306812926514
628,63,42,169,13.739845962715988
629,43,44,149,117.45050686263106
630,122,15,207,132.94369639786785
631,82,66,163,12.108642819976652
632,90,93,195,71.07666262333535
633,39,36,80,113.21268251473526
634,104,50,92,41.21475392676405
635,77,81,101,122.26226313529024
636,125,48,73,91.38852843182885
637,135,86,113,39.74116011496038
638,73,46,123,87.08722322765082
639,55,36,224,17.01824110481211
640,142,82,134,49.75412964863082
641,56,45,156,67.48190428899737
642,93,24,298,156.48814358998928
643,67,89,230,97.15582769144623
644,127,39,202,154.55219375628621
645,116,30,190,26.93081937479615
646,115,87,270,35.46436061327355
647,34,33,119,89.26012318548462
648,29,47,158,35.982816215604835
649,124,21,379,35.15752703961152
650,83,59,255,159.17872695717318
651,65,38,46,44.50822601392036
652,57,41,233,89.48431834521051
653,73,21,115,41.108674868339136
654,117,94,270,56.10379030872244
655,116,26,191,83.4169120134369
656,126,84,12,39.68306812926514
657,62,42,118,23.811843543963025
658,42,44,153,61.03335707065369
659,122,15,207,132.94369639786785
660,82,65,163,75.71621449796423
661,89,93,195,130.43652854656858
662,39,36,80,113.21268251473526
663,104,49,92,57.064666715155845
664,77,82,101,31.453788917730463
665,125,48,73,91.38852843182885
666,135,85,113,31.212310108930605
667,73,47,123,150.8076534381098
668,55,37,50,95.15679270958728
669,142,82,134,49.75412964863082
670,57,45,156,69.22455793366544
671,94,24,298,68.09348785796604
672,68,89,230,54.63987287841379
673,126,39,192,41.75806537215511
674,117,30,135,31.484789494974642
675,115,86,239,61.140378439242646
676,35,33,70,77.88957774180382
677,30,47,142,7.224286596543301
678,124,22,222,92.34125951471432
679,83,60,255,25.7889636601569
680,66,38,45,5.858018481737272
681,58,41,233,6.200603632506739
682,73,22,115,69.09196024890248
683,117,93,270,1.0124681645212623
684,115,26,191,23.46792022617534
685,42,44,153,61.03335707065369
686,122,16,177,5.836125115130171
687,83,65,163,100.90728696609493
688,89,92,195,39.76938411865106
689,39,35,72,75.79049642972795
690,104,48,76,62.47364799334126
691,78,82,101,76.0790454409667
692,129,50,65,15.777495491293951
693,135,84,113,21.246466173804436
694,72,47,141,43.4024486065648
695,58,45,156,109.35589631382831
696,94,25,298,106.69219941563763
697,68,88,230,112.57946570204034
698,126,39,192,41.75806537215511
699,35,33,70,77.88957774180382
700,30,47,142,7.224286596543301
701,124,23,222,51.50894756144573
702,84,60,255,28.494516586781966
703,67,38,45,31.19282444087728
704,59,41,233,158.33698450590012
705,74,23,115,84.36296959742963
706,117,92,270,54.13258786160139
707,115,25,191,0.7291651583027958
708,42,43,127,96.94272347571773
709,122,17,177,51.98479868687326
710,83,64,163,114.63227421224907
711,89,91,195,15.606255047928293
712,39,34,72,76.14669637932518
713,104,49,92,57.064666715155845
714,79,82,101,115.61680450274122
715,128,50,67,158.325553011241
716,135,83,107,1.5173502761516349
717,73,46,123,87.08722322765082
718,58,44,156,83.41144405608486
719,94,26,250,139.39228508328415
720,69,88,230,54.32526043443536
721,126,40,192,96.84012081217058
722,35,33,70,77.88957774180382
723,30,46,142,11.34199897028551
724,125,23,222,37.07360723924476
725,85,60,74,146.98842426393205
726,67,37,139,133.38759481986696
727,59,40,233,9.920652440656207
728,73,23,115,94.40233182874833
729,116,92,270,3.7704264316062375
730,115,24,191,14.987539702611194
731,41,43,127,124.07777605973436
732,122,18,177,12.14937298439374
733,84,64,163,67.19623274125506
734,89,90,195,24.125645212873636
735,39,33,72,76.24307902028627
736,104,48,76,62.47364799334126
737,79,83,101,95.09241584316105
738,128,49,67,58.650967053746214
739,135,83,107,1.5173502761516349
740,74,46,108,18.224216438257145
741,59,44,354,34.84736372099095
742,93,26,538,36.09545850399332
743,69,87,230,122.91607018674299
744,126,41,192,156.2801019300317
745,36,33,60,94.45133756517808
746,30,45,142,15.460566546882628
747,124,21,379,35.15752703961152
748,85,59,255,27.21117831474315
749,68,37,139,99.19179207557363
750,60,40,233,12.877615716693649
751,73,24,115,56.6979715039289
752,115,92,270,58.40222838044424
753,41,42,127,57.824355661643025
754,122,19,177,61.89839941806701
755,85,64,163,143.15651173838728
756,89,89,195,55.97255388102817
757,104,47,71,101.39501543376286
758,80,83,101,74.42921261562404
759,127,49,67,62.28382391419593
760,75,45,97,56.196104791200405
761,59,44,354,34.84736372099095
762,93,26,538,36.09545850399332
763,70,87,230,149.30177276549722
764,125,41,192,25.78359870224318
765,39,33,72,76.24307902028627
766,30,44,142,19.580296460390937
767,123,21,176,95.78907478675718
768,85,58,66,76.9312114083103
769,68,38,45,42.69387943710886
770,61,40,233,82.12060395535757
771,73,24,115,56.6979715039289
772,115,91,270,109.66753671049243
773,41,41,127,58.6539737760802
774,122,20,176,31.403472107905948
775,85,63,163,47.564307437564686
776,89,88,195,23.086889040610497
777,104,47,71,101.39501543376286
778,81,83,86,75.84350843714124
779,127,48,67,165.86901182441846
780,74,46,108,18.224216438257145
781,59,43,133,43.57413481317825
782,94,26,250,139.39228508328415
783,70,88,230,67.625586868072
784,125,42,192,115.83738920183505
785,38,33,57,97.92050764027312
786,30,44,142,19.580296460390937
787,123,20,176,22.465769042631194
788,62,40,233,27.23515092458905
789,73,25,106,65.03145924157985
790,116,91,270,119.98046503807441
791,41,40,127,167.36433360861315
792,86,63,163,28.377839862393675
793,89,87,195,93.06101886644991
794,103,47,71,105.22740049383361
795,126,48,67,83.58639178200868
796,74,45,97,134.21821088099472
797,60,43,133,34.66288608587423
798,94,27,250,37.078582480494646
799,71,88,230,87.23808994256157
800,124,42,192,52.28432963225301
801,37,33,57,95.75040313500942
802,122,20,176,31.403472107905948
803,73,26,106,28.30850491475295
804,115,90,270,96.75015778197556
805,42,40,127,51.45435563481339
806,86,62,74,13.689789330063533
807,90,87,195,122.54737028492457
808,102,47,71,49.67685404766997
809,125,48,73,91.38852843182885
810,75,45,97,56.196104791200405
811,61,43,118,11.340839157489176
812,94,27,250,37.078582480494646
813,71,89,230,129.83442337132578
814,124,43,22,13.734670481436313
815,36,33,60,94.45133756517808
816,122,20,176,31.403472107905948
817,73,27,106,104.66101334267927
818,116,90,270,112.87979881771214
819,42,39,127,64.49634738099363
820,90,86,195,56.0876477108282
821,101,47,315,3.316043453065992
822,129,50,65,15.777495491293951
823,76,45,88,59.02293108904938
824,61,43,118,11.340839157489176
825,94,28,237,88.06000092691585
826,72,89,230,159.8509351601858
827,124,43,22,13.734670481436313
828,39,33,72,76.24307902028627
829,121,20,177,141.19173945611803
830,72,27,106,18.985092363502282
831,116,89,270,81.8703713456284
832,42,38,127,70.8976485809695
833,90,85,195,134.40596922567082
834,101,46,68,78.05275623436138
835,130,50,20,27.3158428781581
836,76,44,88,91.77628654126667
837,62,43,118,120.18140225988442
838,95,28,237,86.64436406749432
839,72,88,230,12.999235781665435
840,39,33,72,76.24307902028627
841,121,21,150,60.59761330614279
842,72,28,106,32.337388083764914
843,115,89,270,32.361259373257326
844,42,38,127,70.8976485809695
845,91,85,195,16.904400261478212
846,101,47,315,3.316043453065992
847,130,50,20,27.3158428781581
848,77,44,88,91.76149458654277
849,62,42,118,23.811843543963025
850,95,29,237,152.1311432968926
851,72,87,477,119.27633012787415
852,40,33,54,107.28586838267178
853,121,22,150,67.0957275928588
854,72,29,106,14.129315810530153
855,115,88,270,73.12708139329794
856,42,37,64,67.74383186146065
857,91,84,195,82.68538061372898
858,101,45,63,48.144446081226064
859,76,43,88,76.84100542667029
860,62,42,118,23.811843543963025
861,96,29,237,77.4389586296566
862,73,87,175,38.65488754548351
863,42,33,54,108.62622784042424
864,120,22,150,163.00476226629738
865,72,30,106,62.47707664750989
866,115,87,270,35.46436061327355
867,42,36,64,65.87699067828801
868,92,84,195,116.93480189698931
869,101,46,68,78.05275623436138
870,76,42,88,64.6838505198945
871,62,41,105,70.76425518991361
872,97,29,237,34.87579935517152
873,73,87,175,38.65488754548351
874,41,33,54,107.95604811154797
875,121,23,150,146.89289177670034
876,72,30,106,62.47707664750989
877,115,86,239,61.140378439242646
878,42,35,64,64.0101494951223
879,92,83,195,50.57574392751139
880,101,45,63,48.144446081226064
881,77,42,88,127.24345351920228
882,62,40,233,27.23515092458905
883,98,29,474,111.05937829878526
884,74,87,175,123.06375860704667
885,40,33,54,107.28586838267178
886,120,23,150,50.67600447358422
887,72,31,99,66.55901498210962
888,115,86,239,61.140378439242646
889,42,34,64,58.447973037361756
890,93,83,195,61.611133284836484
891,101,44,61,62.623252233844205
892,77,41,88,8.461946009700014
893,98,30,237,21.035427924206104
894,74,86,175,101.49598060091462
895,42,33,54,108.62622784042424
896,120,24,150,1.6481551879205893
897,72,32,99,68.34728466770264
898,115,85,239,53.74045291845062
899,42,33,54,108.62622784042424
900,93,82,195,48.0462706924845
901,102,44,28,82.61394902530616
902,77,40,88,76.81064538249224
903,98,31,237,123.45187041472968
904,75,87,175,171.2106539388034
905,43,33,53,20.763253977676793
906,120,25,150,94.79031107598688
907,72,33,99,121.05189590079222
908,115,84,239,128.5637442218357
909,43,33,53,20.763253977676793
910,94,82,195,110.19239129153956
911,102,44,28,82.61394902530616
912,78,39,88,66.30645674287977
913,98,31,237,123.45187041472968
914,75,86,201,12.72978763696357
915,119,25,150,43.43712520585539
916,73,33,99,104.13335557868761
917,116,84,239,101.45964014116534
918,43,33,53,20.763253977676793
919,94,81,195,117.04043016138955
920,78,40,88,118.95728667118705
921,99,31,193,125.72404213921955
922,74,85,581,82.18295645632054
923,118,25,150,130.20636795933945
924,74,33,99,134.77888899818257
925,116,83,239,66.73392779336615
926,44,33,52,124.95695409662136
927,95,81,195,42.00964713981238
928,79,40,88,154.69403896476666
929,99,32,193,133.6824379144393
930,75,85,129,44.814332147095236
931,118,26,150,28.675783062179867
932,74,34,99,8.787255803154592
933,116,82,239,27.009499706375863
934,44,34,52,116.27915950307536
935,95,80,195,127.32258010565087
936,79,39,41,32.1644763212055
937,98,32,193,94.63503983590172
938,75,86,201,12.72978763696357
939,118,27,150,57.49973058562677
940,74,35,99,69.86483005897622
941,116,81,239,122.75228047725065
942,45,34,52,130.0344443209438
943,96,80,195,12.214234116800274
944,98,33,419,96.14642883416982
945,75,85,129,44.814332147095236
946,117,27,191,6.30101616507107
947,74,36,99,42.96780765802412
948,117,81,239,32.53544604443122
949,45,33,52,117.83362114245942
950,97,80,195,151.8140196059734
951,98,33,419,96.14642883416982
952,76,85,129,12.863524393543871
953,117,28,191,115.10990547291789
954,74,37,99,53.750390035368255
955,118,81,239,15.088976286636512
956,46,33,52,118.39056609360847
957,97,79,195,0.8929009492075611
958,99,33,146,134.37290487531732
959,77,85,129,77.39185346635352
960,118,28,150,101.4185249442358
961,74,38,43,109.15325501998794
962,118,80,239,92.83318060252708
963,46,34,52,121.53475038743672
964,97,78,195,116.47914618163644
965,99,34,146,27.999855691743395
966,78,85,129,146.17254817255602
967,117,28,191,115.10990547291789
968,75,38,99,35.18161808447181
969,119,80,239,103.78878439260136
970,47,34,52,40.946195161142036
971,98,78,195,42.568403139616876
972,100,34,146,98.66751838383699
973,78,84,129,14.72416342426291
974,118,28,150,101.4185249442358
975,76,38,99,32.77691450602341
976,119,79,239,68.04096793513806
977,47,35,52,146.03120101241413
978,98,77,195,136.45731345887708
979,101,34,146,138.0163277151374
980,79,84,129,5.432295920190892
981,118,29,135,127.99414957164312
982,120,79,239,89.25916236570808
983,48,35,52,21.98478937896724
984,99,77,195,44.37439427623949
985,101,35,146,97.9036788876682
986,80,84,129,41.99383773363417
987,117,29,135,51.607590496798665
988,120,78,239,4.2162779321865065
989,55,37,50,95.15679270958728
990,99,76,195,110.18471383112492
991,102,34,146,118.27067931286899
992,80,84,129,41.99383773363417
993,117,30,135,31.484789494974642
994,121,78,239,20.86636945124521
995,55,36,224,17.01824110481211
996,100,76,195,14.482105193720974
997,102,35,146,52.12881886737559
998,80,83,101,74.42921261562404
999,117,30,135,31.484789494974642
1000,122,78,239,10.744832005614022
1001,54,36,51,18.3813737188235
1002,100,75,195,110.7852043878346
1003,103,35,146,155.69217967231913
1004,81,83,86,75.84350843714124
1005,116,30,190,26.93081937479615
1006,122,78,239,10.744832005614022
1007,53,36,51,21.243850745315875
1008,101,75,195,66.49018549340751
1009,103,36,146,11.566911776065504
1010,81,83,86,75.84350843714124
1011,116,31,110,108.57716770586516
1012,52,36,51,57.53845719418644
1013,100,74,195,166.16692928312057
1014,103,37,146,31.3618031369047
1015,81,82,86,57.62411143642704
1016,117,31,110,84.23245866298896
1017,51,36,51,51.53375469775858
1018,101,74,195,65.26501814272805
1019,103,38,459,5.947251269612996
1020,82,82,86,10.84891419297485
1021,117,31,110,84.23245866298896
1022,50,36,51,41.996183105241705
1023,101,73,195,73.13957311482369
1024,104,38,146,72.67304046060282
1025,83,83,86,117.11796927386504
1026,116,31,110,108.57716770586516
1027,49,36,51,26.65441982999681
1028,101,72,195,29.314545658059757
1029,104,38,146,72.67304046060282
1030,83,82,86,91.40216673479233
1031,116,32,110,91.76060923833549
1032,48,36,51,176.12042765921655
1033,101,71,195,89.85197896386036
1034,104,39,126,111.84385826606487
1035,84,82,86,115.51768641627832
1036,116,32,110,91.76060923833549
1037,48,35,52,21.98478937896724
1038,102,71,195,75.85041021457162
1039,105,39,126,7.611434677223093
1040,83,81,86,39.79963149378498
1041,116,33,90,62.287856978990746
1042,56,37,49,76.47205023803966
1043,103,71,195,135.80390990475493
1044,106,39,126,106.595733745683
1045,83,80,86,55.436118160972704
1046,117,33,433,124.64441020375756
1047,55,37,50,95.15679270958728
1048,103,70,195,33.71879007628861
1049,106,40,126,103.39821731366055
1050,83,79,86,4.786424723358264
1051,116,33,90,62.287856978990746
1052,56,37,49,76.47205023803966
1053,103,69,195,73.55094341063685
1054,107,40,126,34.476838052446105
1055,84,79,86,14.485547405528733
1056,116,34,90,37.17830286996081
1057,57,37,49,145.8004590568068
1058,104,69,195,54.92479994735612
1059,107,40,126,34.476838052446105
1060,84,78,86,67.54110425451498
1061,116,34,90,37.17830286996081
1062,57,38,49,78.78830442884724
1063,105,69,195,82.5245107421781
1064,84,77,83,135.83468603919619
1065,116,35,81,53.6855088517943
1066,58,38,49,69.98405727190281
1067,105,68,195,8.088890905189784
1068,84,77,83,135.83468603919619
1069,117,35,81,126.28152604483545
1070,59,38,49,132.60240548593566
1071,106,68,195,139.6326143226926
1072,85,77,83,30.197706682811482
1073,117,36,81,12.232207058802882
1074,59,39,49,113.8495290797375
1075,106,67,195,17.52430575586962
1076,86,77,83,28.097692047258413
1077,117,37,81,146.51828776644805
1078,59,39,49,113.8495290797375
1079,106,67,195,17.52430575586962
1080,86,76,83,100.32829776203981
1081,118,37,81,88.85146380307494
1082,60,39,48,103.44865412213278
1083,107,67,157,2.8267793959672387
1084,87,76,83,121.70567437767481
1085,118,38,81,24.638229875486186
1086,60,38,414,98.0266094447703
1087,107,66,157,117.34409318706784
1088,87,75,83,66.84301356277342
1089,119,38,81,150.92148416797633
1090,61,38,48,100.07908657278955
1091,108,66,157,53.70742962921787
1092,87,74,83,56.566739950104676
1093,119,39,81,34.689374173190366
1094,62,38,473,61.676473898477674
1095,108,67,157,66.79880633716505
1096,87,73,83,14.968146166327882
1097,119,40,81,96.60820466793228
1098,63,38,47,86.1012457759308
1099,109,68,157,28.094257314174857
1100,87,73,83,14.968146166327882
1101,119,41,81,104.2494514351795
1102,63,38,47,86.1012457759308
1103,109,67,157,126.83218562226719
1104,88,73,78,158.66061643201
1105,118,41,81,142.85683725436726
1106,62,40,233,27.23515092458905
1107,110,67,157,20.945401559557936
1108,87,72,78,120.43848241699054
1109,118,42,26,71.51229554618016
1110,62,39,93,153.61897593059527
1111,111,68,157,14.619561574084022
1112,88,72,78,87.59306738214835
1113,118,42,26,71.51229554618016
1114,63,39,93,77.35085143673538
1115,112,68,235,66.83042311742084
1116,87,71,78,122.15202721128568
1117,63,38,47,86.1012457759308
1118,111,67,130,33.03312724980257
1119,88,71,78,57.35752769847548
1120,63,38,47,86.1012457759308
1121,111,67,130,33.03312724980257
1122,88,70,78,50.72616574893498
1123,64,38,46,71.95221737730272
1124,111,66,130,95.70477702944119
1125,89,70,78,52.49881031945809
1126,65,38,46,44.50822601392036
1127,111,65,130,92.93197406917909
1128,89,69,78,36.026627104686995
1129,65,38,46,44.50822601392036
1130,112,65,130,72.55116813995339
1131,89,68,78,92.65284560347793
1132,66,38,45,5.858018481737272
1133,112,66,130,108.24870563679508
1134,88,68,78,127.74047364564267
1135,67,38,45,31.19282444087728
1136,113,66,120,13.493882904704591
1137,88,67,78,38.68204431107686
1138,68,38,45,42.69387943710886
1139,113,66,120,13.493882904704591
1140,87,67,78,105.95852158969439
1141,68,38,45,42.69387943710886
1142,113,66,120,13.493882904704591
1143,88,66,78,162.8464110395844
1144,68,37,139,99.19179207557363
1145,114,66,109,30.091548183134147
1146,87,66,78,0.1448190326267438
1147,69,37,484,38.75042660742895
1148,115,66,109,31.404551998138764
1149,87,65,78,28.438381464397654
1150,69,38,44,18.85225249261606
1151,115,66,109,31.404551998138764
1152,87,64,78,143.5274261660446
1153,70,38,484,10.051913350609293
1154,116,66,96,86.64215396322005
1155,88,64,78,10.980213161903691
1156,70,38,484,10.051913350609293
1157,116,67,96,46.571979304529975
1158,88,63,78,51.64450403889378
1159,71,38,43,38.82276976820591
1160,117,67,96,133.64648575977174
1161,88,62,78,44.67855165642357
1162,72,38,43,140.79088620035148
1163,117,68,96,86.38535803692456
1164,87,62,78,55.08184273635834
1165,72,39,43,66.21902326016773
1166,118,68,96,3.6953959749180783
1167,86,62,74,13.689789330063533
1168,73,39,43,43.78775753973931
1169,118,69,96,165.40723807282626
1170,86,62,74,13.689789330063533
1171,74,38,43,109.15325501998794
1172,119,69,96,94.09769960189996
1173,86,61,74,146.65926046287126
1174,74,39,43,58.544554661034866
1175,119,68,96,149.85110304132982
1176,85,61,74,53.153470604352364
1177,75,39,43,29.88848468540603
1178,120,68,96,32.68356254739086
1179,85,60,74,146.98842426393205
1180,76,39,43,133.7370158327205
1181,121,68,96,89.1808338373528
1182,86,60,74,31.631798492796605
1183,76,38,99,32.77691450602341
1184,121,69,96,22.434599595684023
1185,86,59,74,62.96602743328457
1186,76,38,99,32.77691450602341
1187,121,70,96,133.68473475131594
1188,85,59,255,27.21117831474315
1189,77,38,42,7.955824132419162
1190,120,70,96,40.02299418993547
1191,85,58,66,76.9312114083103
1192,78,38,297,19.18648702497486
1193,120,71,96,95.99224830735464
1194,85,58,66,76.9312114083103
1195,78,39,88,66.30645674287977
1196,121,71,96,14.12220765525135
1197,84,58,66,63.535063472026046
1198,78,39,88,66.30645674287977
1199,122,71,96,34.485011088761894
1200,85,57,66,11.027668872990432
1201,79,39,41,32.1644763212055
1202,123,71,96,19.69942381086896
1203,86,56,66,113.83477053183354
1204,79,39,41,32.1644763212055
1205,124,71,15,0.9240882544526059
1206,85,56,66,100.00281273376893
1207,80,40,40,83.5642465520025
1208,124,71,15,0.9240882544526059
1209,85,55,66,13.273978949614557
1210,80,39,40,45.60243625302412
1211,86,55,66,124.71534016919581
1212,81,40,40,57.74120988267827
1213,85,54,66,52.98455444277694
1214,82,40,40,23.235359936273806
1215,86,54,66,115.23886007969661
1216,82,39,138,3.8732714572451625
1217,86,53,66,113.38364912759336
1218,82,40,40,23.235359936273806
1219,85,53,66,42.38775284135335
1220,82,39,138,3.8732714572451625
1221,85,52,66,92.26228454078782
1222,83,39,38,41.52546532145892
1223,86,52,66,106.80852138647326
1224,83,39,38,41.52546532145892
1225,85,51,66,140.9757592672938
1226,84,39,37,4.246785822376947
1227,86,51,66,7.395488814844631
1228,84,40,37,127.68940309421684
1229,87,51,66,28.19208687492738
1230,85,39,37,126.04992852244752
1231,87,50,66,7.811972814589953
1232,85,40,37,77.5516786844394
1233,87,49,66,48.78823290844636
1234,86,40,36,28.272359795412846
1235,88,49,66,74.90476210603984
1236,86,40,36,28.272359795412846
1237,87,48,66,129.31599999913357
1238,91,42,34,40.14915301597086
1239,88,48,66,55.87411465597437
1240,90,42,35,30.885019534444584
1241,89,48,66,140.8624826153289
1242,89,42,35,121.43349724892423
1243,89,47,66,4.462484408600593
1244,89,41,35,120.20643768144322
1245,90,47,66,126.60515060257792
1246,88,41,35,0.19225844763956318
1247,90,46,66,74.79409828536853
1248,87,41,35,57.46368661751987
1249,91,46,66,87.54752503927453
1250,87,40,35,48.38175894277306
1251,90,45,66,143.68730735087928
1252,86,40,36,28.272359795412846
1253,91,45,66,10.58689802865209
1254,91,42,34,40.14915301597086
1255,92,45,66,15.780298440743673
1256,92,42,34,127.45895625944378
1257,93,45,66,117.42702861792056
1258,92,43,33,13.617681257713112
1259,92,44,66,145.13159134993043
1260,92,43,33,13.617681257713112
1261,93,44,66,34.53039871381137
1262,93,44,66,34.53039871381137
1263,94,44,31,7.127354043740937
1264,93,43,470,32.14374805115657
1265,93,43,470,32.14374805115657
1266,93,44,66,34.53039871381137
1267,94,44,31,7.127354043740937
1268,94,44,31,7.127354043740937
1269,94,43,31,63.50855788196098
1270,95,44,31,35.70062214277939
1271,96,44,30,42.05631511778492
1272,96,44,30,42.05631511778492
1273,97,44,30,8.314597619339027
1274,98,44,30,12.189375563095243
1275,102,44,28,82.61394902530616
1276,101,43,29,90.02143775090258
1277,101,44,61,62.623252233844205
1278,100,43,29,133.4787726516634
1279,100,44,29,17.80059084794359
1280,99,44,29,19.271699381551908
1281,99,45,29,66.18829223414042
1282,98,45,29,102.65871496745119
1283,98,44,30,12.189375563095243
1284,102,44,28,82.61394902530616
1285,102,43,28,39.602677939737916
1286,103,43,28,78.93432797309268
1287,104,43,28,44.11854165425846
1288,105,43,194,34.09815833805166
1289,105,43,194,34.09815833805166
1290,106,42,27,71.98703618564404
1291,105,42,27,64.64354468673237
1292,105,41,27,43.211515524183405
1293,106,41,27,22.297740232051652
1294,107,41,27,51.298726564989636
1295,107,40,126,34.476838052446105
1296,118,42,26,71.51229554618016
1297,117,42,26,175.1124729353156
1298,117,41,26,23.40018931909481
1299,117,40,26,90.56880123402658
1300,116,40,26,100.72349857353863
1301,116,41,26,14.941065069094007
1302,115,41,26,63.843084690678914
1303,115,40,26,75.99315591604686
1304,114,40,26,26.74392562187045
1305,113,40,26,39.65064745895643
1306,113,39,26,145.33692332397703
1307,112,39,26,55.1573590610148
1308,112,40,26,88.17710404391204
1309,111,39,26,9.445738702579705
1310,110,39,26,52.79104322813274
1311,109,39,26,127.27953897349623
1312,109,40,26,19.10436395646972
1313,108,41,26,124.3806763952125
1314,108,40,26,23.12578059602222
1315,107,40,126,34.476838052446105
1316,118,42,26,71.51229554618016
1317,119,42,25,6.958729723572656
1318,120,42,25,5.934278119790838
1319,121,42,453,54.06761738198271
1320,121,43,443,20.563272916732636
1321,121,43,443,20.563272916732636
1322,121,42,453,54.06761738198271
1323,122,42,23,5.582651206608136
1324,122,42,23,5.582651206608136
1325,123,42,23,14.86818134852476
1326,123,43,23,14.919441991368675
1327,124,43,22,13.734670481436313
1328,124,43,22,13.734670481436313
1329,124,44,22,167.5420836683218
1330,125,44,22,7.858491947063008
1331,126,44,559,20.482419376300047
1332,125,45,22,111.37704360429385
1333,126,45,22,45.69050067149855
1334,126,46,22,6.297127372166791
1335,127,46,559,92.70950029822207
1336,127,47,22,7.51888730233005
1337,128,47,22,30.947053417906503
1338,129,47,22,3.840713231828613
1339,130,47,375,56.26247830764355
1340,129,47,22,3.840713231828613
1341,130,47,375,56.26247830764355
1342,130,48,20,107.20575370265244
1343,129,48,20,55.18782921716374
1344,129,49,20,89.04920539450409
1345,130,49,20,28.120058613523113
1346,130,50,20,27.3158428781581
1347,130,50,20,27.3158428781581
1348,130,51,19,99.14473352523905
1349,131,51,19,27.382043357001596
1350,131,52,19,99.74009250035576
1351,132,51,19,87.15046084820287
1352,132,52,19,20.35384109239644
1353,133,52,19,15.41310754907164
1354,133,53,271,12.344377516474557
1355,133,53,271,12.344377516474557
1356,134,53,18,78.82228724601266
1357,135,53,18,33.12524160751111
1358,136,54,18,98.89501909636695
1359,135,54,18,25.734149668082974
1360,134,54,18,102.10428979918504
1361,134,55,18,109.35807020188575
1362,135,55,18,33.92652579424667
1363,135,56,17,4.1449769375192265
1364,136,55,170,139.67354403040392
1365,136,56,170,41.3845293632331
1366,134,56,17,116.3314182059339
1367,135,56,17,4.1449769375192265
1368,135,57,17,7.65638426852271
1369,134,57,17,23.967687685827034
1370,135,58,17,121.89964793913704
1371,134,58,17,22.437712339280687
1372,134,58,17,22.437712339280687
1373,134,59,16,82.93396227418705
1374,134,60,16,8.368366889379766
1375,134,60,16,8.368366889379766
1376,133,60,16,138.83559954268068
1377,134,61,15,110.25307442668358
1378,133,61,15,116.61725792088733
1379,133,62,15,1.528900756370024
1380,133,63,15,87.6113857065127
1381,132,63,15,67.89323167507324
1382,132,64,15,159.68009223614533
1383,131,64,15,131.8362604252743
1384,131,63,15,37.6790454120562
1385,130,63,15,55.03798613527493
1386,129,63,15,129.23160817506144
1387,129,64,15,61.46815505338117
1388,130,64,15,133.356132548452
1389,129,65,15,13.09058465970518
1390,129,66,15,41.66536507150648
1391,129,67,15,58.68157584981987
1392,129,68,15,127.07066738177564
1393,128,68,15,32.18040557805493
1394,127,68,15,148.01773902311197
1395,127,69,15,44.528003625760796
1396,126,68,15,116.89629755035153
1397,126,69,15,74.49322880854402
1398,126,70,15,82.02899109965514
1399,125,70,15,72.86406055209262
1400,124,70,15,114.62242818661973
1401,124,71,15,0.9240882544526059
1402,124,71,15,0.9240882544526059
1403,124,72,14,57.108461463656425
1404,124,73,14,103.92634465077
1405,123,73,14,113.61091792651571
1406,122,73,14,126.2031625946425
1407,122,74,14,52.963073360140015
1408,122,75,14,45.05033653495522
1409,121,76,14,8.680462699289372
1410,121,77,14,136.70426496356353
1411,122,76,14,120.93262876304246
1412,122,77,14,24.947115488756683
1413,123,77,14,138.1761592084238
1414,123,78,14,126.98215350796904
1415,122,78,239,10.744832005614022
1416,122,79,13,29.909433317413363
1417,122,78,239,10.744832005614022
1418,122,79,13,29.909433317413363
1419,122,80,12,139.4817760610674
1420,123,80,12,107.95793688260417
1421,123,81,12,25.696039214857564
1422,124,81,12,162.0261456081481
1423,124,82,12,3.766473528124024
1424,125,82,12,46.532947024294174
1425,125,83,12,71.03963637009852
1426,126,83,12,148.41779638652906
1427,126,84,12,39.68306812926514
1428,126,84,12,39.68306812926514
1429,126,83,12,148.41779638652906
1430,127,83,11,57.59377969903066
1431,127,84,274,135.46368121182843
1432,128,84,11,35.98015716434731
1433,129,84,11,170.67103469538412
1434,129,85,11,10.825939539983445
1435,130,85,11,106.52576582847354
1436,130,84,11,21.644326191882882
1437,131,84,11,39.92316472229173
1438,132,84,11,24.39412342035146
1439,133,84,11,6.931984439963225
1440,134,84,11,155.2623865869113
1441,134,83,11,66.08174087473459
1442,135,83,107,1.5173502761516349
1443,135,83,107,1.5173502761516349
1444,136,83,10,39.85843125171024
1445,137,83,9,71.91974066205567
1446,142,82,134,49.75412964863082
1447,141,82,8,130.96224923381925
1448,141,83,9,35.69777376306516
1449,140,83,9,7.0878672729710885
1450,139,83,9,46.813498617365696
1451,138,83,9,19.798539118968936
1452,137,83,9,71.91974066205567
1453,142,82,134,49.75412964863082
1454,141,82,8,130.96224923381925
1455,141,81,471,10.609579718899147
1456,141,81,471,10.609579718899147
1457,141,80,7,107.24841641054417
1458,142,80,7,4.730622151523474
1459,143,80,7,19.808753520751957
1460,144,80,6,11.77518748347224
1461,144,80,6,11.77518748347224
1462,144,80,6,11.77518748347224
1463,144,79,5,76.32382578706496
1464,145,79,553,94.57280110224235
1465,145,78,4,21.55402979103359
1466,145,78,4,21.55402979103359
1467,145,77,4,90.81236820849716
1468,145,76,4,144.22340575139125
1469,144,76,4,64.27367635633121
1470,145,75,4,2.948722305114438
1471,146,75,3,8.406847286410152
1472,148,73,3,5.383092377194715
1473,147,73,3,99.11394542393724
1474,147,74,3,62.17321579686838
1475,148,74,3,162.74957913497684
1476,148,75,3,42.53086752468221
1477,147,75,3,39.63767961129035
1478,146,75,3,8.406847286410152
1479,148,73,3,5.383092377194715
1480,149,73,2,166.41813746842269
1481,149,74,2,74.0986703149913
1482,150,74,2,116.72210569140097
1483,150,73,2,65.06288380632972
1484,151,73,2,19.260149636746625
1485,152,73,2,97.29137452219415
1486,153,73,2,77.23198028538988
1487,153,72,2,15.85435590280401
1488,153,71,2,122.76790312427538
1489,154,71,2,60.67966303323764
1490,155,71,2,29.580052499373096
1491,156,71,2,19.899545936656473
1492,157,71,2,27.3594495110826
1493,158,71,2,38.60518827242992
1494,158,71,2,38.60518827242992
1495,159,71,1,149.9147788454293
1496,159,72,1,27.429090827870464
1497,160,72,1,72.46775174630177
1498,161,72,1,127.710251659789
1499,161,73,1,80.24103848694698
1500,162,73,1,23.10706821635087
1501,163,73,1,71.78600035526607
1502,163,74,1,109.93120067041984
1503,162,74,1,100.33205310646328
1504,162,75,1,87.43605914831782
