reach,gwf_q_m3d
0,92.55082012812302
1,-0.0
2,-0.0
3,-0.0
4,-0.0
5,1351.7935763745713
6,172.56114973956394
7,-0.0
8,-0.0
9,392.2805479168461
10,308.39626126411343
11,29.535907314988773
12,234.3580478992731
13,68.91341437111556
14,551.9480176611963
15,-0.0
16,262.5096742199303
17,-0.0
18,-0.0
19,-0.0
20,-0.0
21,710.2416320744417
22,-0.0
23,-0.0
24,23.353331915931964
25,-0.0
26,405.6712134175547
27,13.75320203156998
28,-0.0
29,-0.0
30,56.37974214283535
31,13.028004612099805
32,150.27385456246742
33,-0.0
34,193.52286982859152
35,-0.0
36,-0.0
37,0.7633129367338904
38,87.78569507434746
39,336.4882861118144
40,23.318697923211666
41,327.27742306193437
42,-0.0
43,-0.0
44,-0.0
45,419.5608119628942
46,-0.0
47,-0.0
48,202.71975552644412
49,-0.0
50,280.659054529721
51,452.1111599276875
52,131.52412293576535
53,-0.0
54,54.7629452315842
55,187.66569968684132
56,-0.0
57,559.6070281340582
58,437.89334234671855
59,1036.1593900963885
60,200.40004147790594
61,-0.0
62,42.68698010302771
63,938.5898050552519
64,1655.9584886656555
65,474.3112732564999
66,164.67762031893844
67,1232.6259095363887
68,689.2182418800985
69,97.00613955900478
70,-77.79234801883975
71,722.5544172950945
72,-0.0
73,-0.0
74,-0.0
75,1241.1587411681253
76,-0.0
77,-0.0
78,-23.353331915931964
79,175.56902710031108
80,204.7324710714265
81,62.733360254994814
82,418.0875472467073
83,-0.0
84,199.78528842980305
85,235.7170566098115
86,12.549490406768806
87,-0.0
88,-0.0
89,819.4143006234984
90,-0.7633129367338904
91,3.5317161914156063
92,243.70246822639416
93,103.6853935324676
94,-66.31510937013294
95,-0.0
96,-0.0
97,-0.0
98,27.49303524436629
99,-0.0
100,-0.0
101,413.75646518708356
102,43.29035378949714
103,171.75914712401027
104,84.08577499540819
105,904.8860548274922
106,-0.0
107,-43.39727727843412
108,-0.0
109,254.71227479848764
110,-32.82339661267222
111,324.34369295913973
112,10.37921375290945
113,-0.0
114,348.17348223535413
115,594.3572157729695
116,1087.1795735530009
117,115.60147489223294
118,367.6774317301242
119,-223.9833377753313
120,23.319946817215907
121,-97.00613955900478
122,333.5366039923863
123,177.2708447757756
124,-0.0
125,269.6243982747438
126,-0.0
127,954.7887189281055
128,-0.0
129,-0.0
130,1841.2536842269772
131,426.2438414113912
132,714.6942789156087
133,-48.31141165893798
134,299.8053013126431
135,292.09281828644436
136,385.95408088211235
137,-48.180706636494364
138,-0.0
139,-0.0
140,74.14534826971227
141,135.12459162548214
142,33.305060034622976
143,116.34041974649578
144,-0.32569684135230353
145,251.81719252020972
146,-0.0
147,-0.0
148,926.7225360548831
149,56.36131509606747
150,-0.0
151,-0.0
152,249.0050879402688
153,-17.2596235396851
154,20.822556487600227
155,1345.7622060876524
156,402.8361952224171
157,-0.0
158,855.4666197780989
159,-0.0
160,-814.3193029325458
161,376.19205080547215
162,1491.413367716
163,-0.0
164,-390.8604623383818
165,245.4669669550078
166,-207.71020664995103
167,839.447856616694
168,262.3616718205245
169,-163.8690858214932
170,318.2760721947261
171,-0.0
172,781.5677021351324
173,105.64417915504467
174,245.53494812836541
175,-244.81822981795403
176,-0.0
177,-0.0
178,-357.1981167365011
179,-105.20573197919758
180,1463.8185961409943
181,161.30982921521166
182,-31.88547560062196
183,7.176422463737547
184,-16.59209745013085
185,-0.0
186,-0.0
187,1.0621037485490008
188,262.78157422192385
189,202.46056115646653
190,-204.1610494032107
191,431.59966844269036
192,-0.0
193,-926.7225360548831
194,116.51935157061955
195,-0.0
196,320.6646279042723
197,-521.7343438213801
198,148.6335799967784
199,794.2954669196962
200,716.0309323372776
201,-0.0
202,160.10229059509922
203,-0.0
204,580.2622756831822
205,1300.1674794351609
206,1173.4990686523565
207,-0.0
208,824.2491903085067
209,-233.60603035661498
210,-656.6838344085418
211,757.6592758852513
212,384.5614875736637
213,-358.0384401005726
214,59.79481261507011
215,836.7402140762002
216,-436.3049750027969
217,996.3550890546541
218,-751.0297214491412
219,-0.0
220,-0.0
221,-111.19578587542071
222,409.4674419667599
223,477.6715934259842
224,376.1385725263855
225,350.40036438754794
226,110.62201124079776
227,835.9284179631271
228,-0.0
229,-0.0
230,24.39011715111316
231,217.26806160849816
232,93.57248982117518
233,-482.3123334409041
234,-431.59966844269036
235,-0.0
236,-0.0
237,552.0738487717274
238,-0.0
239,6.522589599293449
240,-153.95351761977324
241,914.7630910984259
242,-881.1926103778302
243,510.0131464139299
244,-0.0
245,944.1634978062252
246,-0.0
247,-580.2622756831822
248,-27.43846675685484
249,112.36381032216846
250,-0.0
251,676.0768125488853
252,-34.32489993271599
253,149.68942223903724
254,82.27294759875413
255,727.126980847005
256,-513.0381581266357
257,643.6852102500146
258,646.5172016867805
259,672.6671090391199
260,-885.4144575655863
261,841.4107062249936
262,-0.0
263,-0.0
264,-674.9132689128076
265,410.2962536025802
266,113.73542815141563
267,65.8961306527906
268,69.94752167664925
269,-0.0
270,-0.0
271,1.5210480272319757
272,762.945510178547
273,-13.907633190540942
274,99.29905922473561
275,-0.0
276,-0.0
277,61.20109795693522
278,93.4502522814004
279,243.0071967242738
280,87.80972791050765
281,1129.852968949345
282,-372.8847528998949
283,-291.8792519163221
284,380.1025049521387
285,-0.0
286,357.72123632234343
287,1283.5573159429316
288,-0.0
289,408.49392161936794
290,1003.6489859036004
291,-0.0
292,-510.62273403253414
293,296.62708956817625
294,-105.54416674217863
295,45.889376417133455
296,131.80600585192013
297,-42.61030208347131
298,388.94381113900283
299,96.47680849378958
300,189.82592581685557
301,-303.9776835483506
302,206.08461130230535
303,133.99775612644007
304,-0.0
305,-264.5958486545324
306,-316.315720343953
307,719.471357045874
308,138.53977412571592
309,-0.0
310,-0.0
311,25.40396265450099
312,704.2515820608018
313,163.05109808947168
314,-165.74147028809327
315,-0.0
316,-0.0
317,1717.4324176491903
318,171.69725278517407
319,-243.0071967242738
320,3.041379800398506
321,154.59298866895438
322,983.995432852302
323,1610.710910838022
324,306.94722522341226
325,-0.0
326,-67.3415668462378
327,529.6481993132918
328,697.9665801523316
329,242.65686188307637
330,-107.558236247675
331,-0.0
332,1240.8481570231563
333,142.22995210181455
334,3324.268854579093
335,296.51458936048857
336,433.3283485578721
337,-0.0
338,9.54880919064098
339,1281.6050534530893
340,-215.11670679141602
341,-279.576723823531
342,178.15146716391828
343,80.54994633313225
344,-0.0
345,1067.533676803955
346,233.36212813149976
347,1199.818377012474
348,578.9129002354553
349,-0.0
350,-0.0
351,98.78404439167043
352,188.79535612996688
353,709.6965039049651
354,-0.0
355,-0.0
356,940.3320023894315
357,354.2285699371275
358,-0.0
359,851.1941282773088
360,565.5364403441052
361,-587.3195996277577
362,-539.2637141675264
363,34.13019473093503
364,71.03612763411415
365,26.100675835094126
366,123.97494206092745
367,526.3614198536033
368,-500.5539662727381
369,28.052506662023987
370,-916.2901851612442
371,-312.16141392840103
372,-2060.779850231331
373,97.99396142285013
374,248.4143769713733
375,2031.3296356035844
376,630.0098514309493
377,561.9361383189761
378,-42.54557052029537
379,1385.5340744982127
380,10.274400448038216
381,-0.0
382,3169.9672901194667
383,679.2327160662716
384,544.6564111188256
385,78.96879204518133
386,-0.0
387,-0.0
388,349.04543109924896
389,26.16640683270064
390,372.4728863937139
391,-0.0
392,-0.0
393,-1802.0557355282717
394,634.2045774157474
395,-0.0
396,10.242023109665467
397,-340.60806213253807
398,746.2139929337396
399,1779.9764837086568
400,268.9638910959353
401,-15.834696279251068
402,33.107836253837654
403,1055.8145863013312
404,468.2539506931802
405,-1406.944166227356
406,0.9317090827404547
407,1069.3180213329315
408,-754.5868110015675
409,2254.8242927623373
410,358.2712491265628
411,86.47334959416199
412,-66.38678494394951
413,531.2844332854598
414,139.08735576294978
415,841.0419263105927
416,346.0455878321044
417,-0.0
418,-844.2013246401257
419,708.4402837832606
420,185.08571963242542
421,39.84521637000568
422,-0.0
423,-0.0
424,16.87725366647175
425,443.98539971268957
426,807.4552175323832
427,-0.0
428,423.08593335861383
429,-291.4807049166069
430,424.56566442205394
431,-0.0
432,1577.3757404380212
433,-520.3155267323497
434,-375.42114312765756
435,-288.52226244537104
436,1618.2330339109596
437,-55.89300730698694
438,946.3564908359676
439,-159.89861997977562
440,-221.8049132919031
441,-0.6478610808627167
442,1134.9958466639648
443,-492.26149434001945
444,2153.440860379803
445,676.1465512012294
446,172.31886139257819
447,-597.2511128659077
448,15.843290660121635
449,-171.76799162753974
450,339.1336508991691
451,953.631197104784
452,3.5683246482664677
453,1548.740158338356
454,556.8578023557831
455,1514.4242494085622
456,29.970660857693915
457,-0.0
458,-0.0
459,0.27708585688655746
460,115.23503834047133
461,1395.9805745800618
462,-0.0
463,441.7600223357074
464,-625.4290775506785
465,311.75645231049305
466,28.173809685906765
467,19.007881119812602
468,-1127.9606487105018
469,234.64273310826692
470,-358.16541378794216
471,142.86516355505316
472,1134.838379313427
473,1319.148812877291
474,-808.0866520623468
475,237.09871797827273
476,1308.3012621451815
477,1353.2586663595612
478,949.7508421460924
479,1158.2892338291583
480,1070.7723599017581
481,13.140121454529455
482,-796.9782848515252
483,246.87161989793776
484,99.03199491935133
485,1534.8582482489596
486,-700.1194749331981
487,-3.5683246482664677
488,-945.9981186072424
489,648.5998374950725
490,318.36246315824
491,140.80932793660156
492,-0.0
493,-0.0
494,0.9369489390709025
495,237.34685778184638
496,331.3793984386252
497,-0.0
498,1082.7767718149673
499,-0.0
500,218.03344931056796
501,21.763651547442603
502,1129.8303002298046
503,-50.8916075996583
504,-507.8055220556086
505,842.2655858547365
506,171.22306335046838
507,-9.52975730923587
508,549.1363840157737
509,-268.5757377457724
510,317.4490609891881
511,409.3233388677417
512,13.986529219225089
513,367.74751329402716
514,-93.38413901099119
515,80.32758164009489
516,-152.17868217715082
517,479.48812518711765
518,1470.154774654039
519,1055.8757748960834
520,-1463.5520092609997
521,-0.0
522,-549.5360599520425
523,23.471515576072125
524,345.8446879921391
525,618.9597347515593
526,-0.0
527,-0.0
528,22.969202229995698
529,115.3105568428737
530,-1060.1177827807535
531,-0.0
532,335.25361378241524
533,-0.0
534,126.5779470428965
535,29.498582265735166
536,41.654613775867375
537,-0.0
538,-1647.6519135466092
539,1033.9695583093671
540,1390.9323393410118
541,209.60908124006627
542,228.37835237332837
543,291.7787866182403
544,-45.913547974352646
545,-1206.0581022579993
546,-1340.4531466010499
547,53.526036646758605
548,-71.95789557782201
549,-259.32245837167454
550,-1027.1224353097357
551,-285.0434778748887
552,632.3720863643318
553,-1367.8161894443379
554,-0.0
555,939.9439110493666
556,632.0016517125587
557,609.4326008358701
558,470.2052086890133
559,-0.0
560,-0.0
561,248.3815167278147
562,522.9096247117284
563,-645.7505285491615
564,-0.0
565,-866.4180502396177
566,-0.0
567,2.6773439434640007
568,-11.034149571996663
569,169.85069506811868
570,-0.0
571,74.60768586883549
572,247.82487750737678
573,752.2873938494052
574,265.6059462514638
575,1298.7921474020686
576,-513.1171370055888
577,420.20858819506776
578,160.69747926205605
579,1320.7752965351451
580,-75.55399485858064
581,-159.21231239337646
582,210.7951048716971
583,-217.55648672518572
584,415.1843193944509
585,-496.5532903540662
586,360.58040475323867
587,-37.30863995529648
588,333.5925750811885
589,84.96513534844048
590,-2.7128051036007936
591,-0.0
592,-0.0
593,281.96040205568835
594,-215.917794558781
595,766.2444943856048
596,-0.0
597,1343.6805240659185
598,2928.9413414586948
599,-35.46875389012068
600,44.83722866855595
601,-0.0
602,-85.01434274215174
603,7.705494008655348
604,1111.2248245993167
605,285.45094884486144
606,76.34604569050701
607,-238.8002216057886
608,-33.56014018008921
609,111.82233557736967
610,1804.061663941234
611,79.57144964920334
612,-0.0
613,154.57508196050384
614,251.72038872874418
615,982.4561034540128
616,1973.3288581345164
617,97.46801623915928
618,754.2254882153818
619,249.86488133531645
620,145.29464249233783
621,-0.0
622,-0.0
623,47.6771090929706
624,29.652390881233245
625,722.8606250091533
626,-0.0
627,296.39953527270785
628,410.20423123510056
629,389.78319430566467
630,424.89380417717706
631,457.552409595039
632,2695.500753735721
633,449.53855983592877
634,122.86339552108475
635,907.9964874485381
636,-286.700705888603
637,141.8573195666994
638,-1250.89814913254
639,307.1635531586202
640,273.32217987099614
641,-0.0
642,470.31239795976876
643,118.76551705946103
644,90.76569177006476
645,-147.13588706601385
646,1136.0998425942926
647,623.8373392950599
648,514.2200157233666
649,953.310685987772
650,-0.0
651,-0.0
652,107.44497613221789
653,253.1615611105587
654,1052.8254548757238
655,811.4532755241112
656,567.392112069276
657,19.23993329747497
658,79.22199528254508
659,-34.9251826713258
660,280.1051384468827
661,153.5625612650385
662,567.8835629350383
663,65.79848045298469
664,652.4449869563257
665,-0.0
666,218.77162922466275
667,584.3774110261921
668,-91.6380863192117
669,7.824946407715101
670,-0.0
671,609.4281465494936
672,-664.9393971066074
673,-53.94660338460903
674,235.64320515660802
675,9.163820954936437
676,10.511534987096192
677,76.28589914449871
678,1043.8523306613615
679,-0.0
680,49.47400494136256
681,292.0056448752208
682,611.6320965697954
683,-843.3581205187285
684,867.2436208001802
685,894.1733224491971
686,3.5989141192134837
687,2012.1280037814813
688,448.1332399427203
689,245.83700512511822
690,274.8913368846585
691,-59.18018159331752
692,-0.0
693,-412.10256711970584
694,2049.3863089451734
695,403.9963912710331
696,615.2196216271869
697,512.704063616462
698,-1232.044628227456
699,2129.763826457781
700,244.23048363435328
701,1510.1528265240604
702,-0.0
703,-49.47400494136256
704,213.20895557644474
705,-35.286767654089815
706,-785.2369645883143
707,-1678.6968963242914
708,1546.631700525682
709,628.6799728255118
710,-1639.0600586974415
711,-980.3948918281886
712,908.6922905678488
713,193.5270726808342
714,288.7488636684605
715,-0.0
716,-142.45747395509073
717,284.15488310469425
718,15.246907343372571
719,761.674287332958
720,-36.38931838295383
721,1178.4051257172064
722,-1503.8836965708558
723,88.16849441549465
724,1285.9706405870613
725,-0.0
726,37.65834446226598
727,108.33093390187422
728,599.4090655030826
729,99.71972890645866
730,2471.116720266178
731,1059.7280594229264
732,470.34796429728726
733,-1110.7254931259613
734,1001.3288661405153
735,1772.3497195034995
736,190.70804221813864
737,-157.88142456991304
738,-0.0
739,443.7688896205054
740,357.0239272476435
741,2048.160927286226
742,277.7568958225262
743,396.9762072874199
744,107.12685039595617
745,-192.91849499419092
746,382.45201275189095
747,2018.4606783547056
748,-0.0
749,526.3676171235285
750,-312.3630849572872
751,-159.47456136698722
752,671.7894736474432
753,1845.722823482297
754,-330.36112653855923
755,2067.9856693808233
756,-367.66167303045256
757,1162.2822985811245
758,-9.727117198181714
759,440.85777968684414
760,645.9342669542333
761,-784.0446230030776
762,61.319893421951825
763,850.2767263780004
764,-184.63376638268167
765,1280.3239178637425
766,-6.230802346031261
767,888.9172294291416
768,-0.0
769,-12.352757241020408
770,7.287015871781476
771,-33.10871718906188
772,26.199279474733498
773,91.77303205071462
774,1328.946326852826
775,1475.2407131274676
776,-538.1704619143284
777,1310.2370662477138
778,-66.34256948458692
779,34.973672175482925
780,7.1468393903362335
781,460.6401911154404
782,54.05433114003745
783,-210.62832908993042
784,1545.3556746840595
785,136.23241109075207
786,-171.20892998577088
787,221.77514045581867
788,-0.0
789,-32.175697313568534
790,500.7780753677797
791,-897.2281333926711
792,53.37816470074135
793,1718.6871318487883
794,-260.41151777536373
795,806.133690490864
796,599.466873285084
797,568.4591736376044
798,-59.36467231142824
799,334.0793491495907
800,746.424290137456
801,900.8088051236007
802,771.7052716638553
803,1054.3207567459558
804,314.27667259362556
805,445.3267854130888
806,-1019.0923088691361
807,178.47246287356666
808,-1372.7489045456105
809,-359.7493080453813
810,226.141833445703
811,-347.7968165069306
812,5.241101711287683
813,116.07548482320882
814,-651.2245460485514
815,139.8809016900866
816,125.91924372981443
817,602.144909837196
818,585.9077523399721
819,-1568.5240294942655
820,-518.2953714778604
821,1726.6530090868496
822,887.7794488427321
823,-384.1409120574585
824,2236.5696954131126
825,544.0653823949197
826,119.29683689569951
827,-248.64707717203981
828,51.39169309550507
829,-53.369727773522946
830,102.9823998665168
831,969.7726199455509
832,-1039.1878687515673
833,391.5608236094508
834,-252.6917210483735
835,442.69999086598756
836,61.21591595830634
837,-1453.2581411444107
838,678.4824300098081
839,582.3967153442226
840,1866.0505126559428
841,-5.895507593209435
842,3032.5803851327905
843,993.7610329063788
844,3331.3689785431584
845,33.45065206196567
846,3204.0746480912053
847,634.1666973841347
848,9.317059090867613
849,-160.01643585711514
850,392.4054058952531
851,30.943901423763894
852,8.958547102655986
853,76.35264278268639
854,-1029.9001619626301
855,572.4411834737161
856,1487.9106287744848
857,137.44267098259292
858,-291.99359434636443
859,-1113.5958977117327
860,-960.1844378375336
861,76.37620130173694
862,510.37644030882547
863,253.31340223693462
864,-145.80078152314024
865,-178.1626843634226
866,763.6055153790477
867,1313.2374502251382
868,131.67146413539788
869,-341.7061572415336
870,100.91416034092178
871,1889.794462204115
872,181.79726388128876
873,1177.3800946296835
874,878.5347630836417
875,647.9615629914601
876,-130.588071285676
877,246.2875500072458
878,55.566383979679884
879,104.98657536288006
880,673.0760808117366
881,-478.22704742042595
882,475.8988773332447
883,-30.766746193498193
884,-38.09805689323145
885,402.66935110396935
886,173.54115533515508
887,1985.257003992488
888,1123.6794415764514
889,784.5966024295684
890,15.252649962183728
891,1899.2936710604172
892,609.0553992108805
893,1532.645839097783
894,309.51649238146814
895,-1991.894756397844
896,-125.69654758562808
897,2004.6634676036222
898,-1473.4438509325385
899,3734.6800162059467
900,-21.898318999481102
901,-2935.7491324003477
902,37.60559873531118
903,-585.9534672937534
904,373.2448978674757
905,58.68508085888645
906,629.1178182181158
907,-142.97110913744777
908,-740.5009534215255
909,1258.410066243645
910,211.7496377248066
911,2216.314087563455
912,1.2466098070373357
913,233.08573701999384
914,617.0158138211225
915,831.4699186272119
916,2435.367607198324
917,-975.2792594555389
918,-2105.7540223122323
919,53.853449107337234
920,-1883.9367554026162
921,-1085.3598715215842
922,-39.90146535557653
923,-370.5564690708308
924,-712.3336672622172
925,-376.4231216395345
926,-2543.6011755530276
927,-766.7974112865015
928,1860.6215102068402
929,-224.71105647867054
930,-646.0206990409044
931,-26.180363637828005
932,1118.4449502730638
933,1794.3966521956177
934,3294.4541492056387
935,376.48545268047104
936,1084.6308887956277
937,392.67788768574684
938,580.1366163158336
939,937.9784947951503
940,373.72591821007285
941,543.3282990754216
942,-577.042325979314
943,-168.4139841053617
944,2370.3943091672636
945,77.83277775985708
946,160.45422665424286
947,753.6150661694961
948,-1122.7867347555227
949,3481.0441571555853
950,-135.37778274726818
951,-251.92082765401992
952,176.03435060224402
953,2374.330401888499
954,-433.0587992452295
955,-1505.9213186275063
956,1208.0940374524848
957,-16.476302246230528
958,-1009.2255023650885
959,-621.1859127647031
960,1080.8144214834017
961,-846.6472512990139
962,-120.57374803890575
963,-505.7297124885403
964,-1551.612614984248
965,-1036.801325865995
966,2198.701928493523
967,-596.0427603658543
968,-13.784349010593585
969,1112.1870966624122
970,1026.5429000175925
971,1621.8740260724678
972,1681.1590820995023
973,480.9963093722928
974,1401.2579820104208
975,-1540.2866873098314
976,-47.16728296970901
977,1760.148935937319
978,-309.78047586711403
979,355.66612993418295
980,-216.8069564756368
981,1620.2362362171898
982,-141.91875503627435
983,-1344.078002954005
984,1047.5787713970292
985,1647.9209965649466
986,1771.4577431099713
987,-990.8253910073237
988,2176.599155980164
989,2283.9037341772796
990,64.97793200941544
991,-1237.7068204926463
992,-882.5074833978857
993,-403.0480903970174
994,449.69964749800647
995,1879.4691014881996
996,504.70864583730315
997,2509.1538278636845
998,-1196.5120302147855
999,28.519062439086234
1000,-0.0255023039036993
1001,1545.2682519180776
1002,1862.967744311238
1003,-2116.6750858312716
1004,-369.26383761992236
1005,-205.31204244387888
1006,806.880424393266
1007,60.3790471813083
1008,451.0207459183872
1009,38.69861534903872
1010,1896.2831656262156
1011,16.84917685822793
1012,-563.6035503823729
1013,1024.6886308268734
1014,-242.24629179435314
1015,1038.6358081021099
1016,-1778.1905165309593
1017,102.6876940160841
1018,36.888984598400356
1019,491.09466015367565
1020,-6.130279523866513
1021,2018.7473634585197
1022,1252.7627975869393
1023,78.37898697479449
1024,842.1595098151058
1025,600.3856368095062
1026,-767.0890409387014
1027,-1074.813020763382
1028,1454.680131194434
1029,1945.4686665188299
1030,55.959118231960986
1031,-1392.9321518515408
1032,1197.21351581268
1033,-23.295336807041423
1034,-2149.193593396397
1035,-1417.9235454619645
1036,-603.6954440832005
1037,955.358535101728
1038,612.1155177964979
1039,2202.231067495878
1040,1723.0155880521481
1041,3145.098827341204
1042,197.79238184357453
1043,-308.6577695993777
1044,-995.8191579610808
1045,-1405.5718312613214
1046,-4167.872686025709
1047,85.85865312440174
1048,-33.17085652373069
1049,1133.7410234508043
1050,143.12755174554178
1051,2090.7603726317802
1052,802.4377229892476
1053,-651.5123762984583
1054,-2201.6704933800524
1055,612.746318374212
1056,1652.926873732839
1057,1239.3863913464752
1058,149.8316545128154
1059,2377.2357214256513
1060,13.271650529442658
1061,1563.61327599289
1062,1396.4310610953025
1063,-300.06133717203204
1064,-2032.7376934370122
1065,98.60256224336631
1066,-2353.226295025075
1067,1947.5092989416448
1068,1277.2931772469153
1069,328.47769020685126
1070,-368.8826426037065
1071,-1068.7335231840395
1072,-237.05520094367668
1073,1942.862888244065
1074,1730.791136228993
1075,714.9909393720642
1076,995.3987028302864
1077,1397.2140063947043
1078,882.0797749639738
1079,11.864892462509278
1080,561.8133960929424
1081,-680.8736032136052
1082,-1873.3533690875176
1083,1666.5395668463025
1084,445.9857028318817
1085,567.817497409114
1086,283.6443355636999
1087,620.6785569289923
1088,-623.3854622748669
1089,-62.268825396409795
1090,-716.0908266465365
1091,-306.9989875290711
1092,2193.5462266476293
1093,628.3347079402907
1094,-1325.3954960982157
1095,-619.5815289460562
1096,-535.3621272416285
1097,1066.5959853330908
1098,1961.4212757982527
1099,-43.05322281603714
1100,2491.7871847011806
1101,486.21305848043613
1102,591.9547028892575
1103,96.53023430148819
1104,-893.5957395878305
1105,-152.2017632167476
1106,31.426062614706034
1107,-289.9446653382708
1108,-3918.466616883978
1109,218.49814253141466
1110,-183.679965842193
1111,175.59612446456077
1112,1206.1279460016613
1113,134.39353738366464
1114,-35.045175969121
1115,1454.7914851956393
1116,-511.0146911152862
1117,25.91901178664054
1118,-4.799501522143969
1119,691.8977915766591
1120,1642.2616446518402
1121,-322.6575210877708
1122,2569.781950804605
1123,-3539.618096664109
1124,1633.6835729237944
1125,2253.7286682387703
1126,1536.0659624574491
1127,609.4912104230693
1128,-2127.141552428915
1129,1874.517249810123
1130,192.1498331006861
1131,-3306.251575381379
1132,-1110.2591733413572
1133,642.9258449919421
1134,-1069.7012346054917
1135,367.5563317059134
1136,632.4156504136307
1137,636.7184905662218
1138,912.4519453107742
1139,96.30167682626738
1140,871.7491930943105
1141,501.8819321449896
1142,456.25209974312367
1143,1203.6456613695964
1144,-373.7299648420422
1145,-646.3284386834857
1146,2631.6303659968817
1147,934.3366103490449
1148,883.8278280641233
1149,1129.2466508066957
1150,1082.805360025362
1151,2101.5011158286097
1152,137.4693435268985
1153,-783.0668570202754
1154,214.13165270109596
1155,557.7532192574508
1156,1136.4255815721397
1157,-10.6177465061725
1158,1575.9025805017288
1159,2404.1734200654337
1160,761.3381911671194
1161,-1476.641097937785
1162,-4022.0607152742828
1163,-1485.72254805199
1164,1118.0206638583581
1165,284.3180482444732
1166,2037.316869157114
1167,3574.705065108448
1168,513.5360024976501
1169,1523.6869926318852
1170,-266.52628262522126
1171,3083.3640398394973
1172,-1473.1583547644507
1173,-4364.504889782165
1174,-247.17532310084698
1175,1607.723407276402
1176,-982.2083494891541
1177,-607.4898721298026
1178,1006.326808302794
1179,2591.082953368886
1180,383.8528190479062
1181,457.35409243965944
1182,-2635.6902134623997
1183,2534.950547645282
1184,-638.19564927637
1185,2034.9819560634207
1186,810.9564370601446
1187,-954.3258579737445
1188,-1425.0602087247398
1189,1186.3166843230943
1190,2260.2629756191195
1191,-956.4748475456172
1192,-500.0018374941602
1193,1080.363662143218
1194,-2436.677698540617
1195,-1487.008874702886
1196,-7.38668827356186
1197,3776.098327318403
1198,1444.8194335416456
1199,1140.2785147159746
1200,-229.39771575887025
1201,3132.5542787231598
1202,2113.4951651325746
1203,2381.39601609601
1204,-752.5377342292701
1205,158.7311832050371
1206,424.6004919328555
1207,948.8733685679646
1208,203.66370186134603
1209,37.66043611988523
1210,1723.438423255214
1211,-3315.9712569490325
1212,-191.97733462321065
1213,316.09029779706015
1214,2143.5249651552385
1215,1966.2134431237782
1216,-1724.6509225675743
1217,527.4970522511235
1218,-1387.0316226880232
1219,222.09121873450977
1220,4199.221803293371
1221,207.25857425097703
1222,-2031.930016460849
1223,839.5797050289773
1224,-2901.2422774660845
1225,1138.3075889211616
1226,-20.869206717277407
1227,1951.782510149947
1228,4008.841226819096
1229,-439.8316962688054
1230,1974.8836868145472
1231,-3823.1595879933993
1232,3555.461078743931
1233,2265.42240951426
1234,-3284.168665120244
1235,651.5225096071268
1236,862.4019290735233
1237,1830.4148829696444
1238,-1457.5547295730696
1239,-1056.6719836573943
1240,1592.1677150121643
1241,3334.2594234883836
1242,778.6879600011584
1243,2589.5283743577193
1244,2704.2882496180623
1245,-3874.184954630483
1246,-2195.137343565589
1247,4601.835521036777
1248,3018.897569474778
1249,-1646.5547152140418
1250,-1857.9901156073108
1251,-770.229964778891
1252,-1077.0484861634568
1253,1000.7465154384543
1254,2497.5071399647977
1255,-1590.726438720648
1256,1822.202221339671
1257,-1722.3206142651204
1258,-1935.4197129222912
1259,847.937010341924
1260,-392.48921422458443
1261,1100.5573184347627
1262,1344.4505474601954
1263,304.8988981133903
1264,460.3366648994627
1265,1984.2364194188692
1266,19.281220150651333
1267,36.06098710623703
1268,557.405530530172
1269,441.73306525991717
1270,-1014.1742643950051
1271,878.5916862436429
1272,-19.172465420568543
1273,893.0997331057307
1274,232.88524097924008
1275,955.0894000545035
1276,-29.83558957900089
1277,634.5753039881932
1278,1541.9144913187195
1279,-1017.1225711497559
1280,794.8200401112283
1281,1098.4358392450715
1282,-1185.3630913721884
1283,1790.6498072041948
1284,14.783366069342156
1285,-846.5745392348935
1286,145.94494897091735
1287,1054.5386109430472
1288,1093.4359877139486
1289,-1075.7097340169398
1290,-733.5829641810058
1291,971.8895412008214
1292,1804.8622714182877
1293,-101.17875181934977
1294,841.4620510119154
1295,927.1722240802112
1296,269.8385136272531
1297,-3873.230840621873
1298,-56.38306410670392
1299,1759.874907504815
1300,1349.0884802400149
1301,991.7098665682674
1302,964.6163984137356
1303,1471.5671564138727
1304,1510.8627788149718
1305,-124.8013621888675
1306,545.4625582197576
1307,569.574522288169
1308,867.1860678571928
1309,667.9764986562237
1310,1108.3335018040834
1311,1706.999385029482
1312,378.7457100639026
1313,351.5910856810741
1314,-1072.5241198465892
1315,925.8042439459103
1316,8.931605346966606
1317,-769.9784392577802
1318,3801.604804956645
1319,2161.311290853808
1320,543.6469763739507
1321,-239.0733781186984
1322,-4643.342080884248
1323,2202.4625162244624
1324,1278.0936610264516
1325,548.2140192522606
1326,1237.0334757610092
1327,924.903634873575
1328,-392.2373409512058
1329,1066.1952879779378
1330,113.50942360267379
1331,-453.3124405670875
1332,2254.8811334921834
1333,1226.0106799986204
1334,1030.6823637845696
1335,312.3885529962966
1336,550.9298514494392
1337,-833.0344943000337
1338,1764.3184684996038
1339,1451.3364017827587
1340,-761.785105267343
1341,-46.07886365635403
1342,190.64330055971894
1343,1323.5994310774242
1344,477.25968017360856
1345,813.3073589981036
1346,99.56334737689788
1347,5414.136929411776
1348,133.27769212113313
1349,-7894.575217585244
1350,5622.200471748549
1351,-5413.821432266665
1352,1326.2979451669762
1353,2899.990693960788
1354,768.3025535659099
1355,-74.02304619632096
1356,382.04542896412426
1357,2100.7256844537924
1358,684.9174302891646
1359,-652.2461794409807
1360,-241.54876505802656
1361,2058.671660040231
1362,-4166.751639432526
1363,2149.9199524613796
1364,-212.88994895750392
1365,70.55201558469916
1366,533.7134565655509
1367,1034.210614691394
1368,86.30341733723473
1369,1301.6482644700293
1370,1432.1629700525339
1371,-528.120136976725
1372,1464.6138644685689
1373,-375.70409366528077
1374,840.7122957928614
1375,-403.36459456741443
1376,2416.9938843522955
1377,-578.7749280841348
1378,-662.4975465987327
1379,-780.7782171210204
1380,3008.8704421290963
1381,-1689.8587878325827
1382,1208.2935632800034
1383,-79.21973773418559
1384,-3856.3014768580206
1385,2536.24564407742
1386,1255.937123866365
1387,831.3954372182196
1388,2310.6461877331417
1389,-491.9190186117145
1390,1914.2979083685125
1391,461.1723294486896
1392,1010.4088853400661
1393,-1024.8693156311278
1394,3701.7197670997402
1395,-1280.468745457015
1396,2938.938896118036
1397,-2321.9491183792707
1398,5021.100875217035
1399,-6831.201975486445
1400,4447.2538323309855
1401,-1049.0310814339562
1402,2257.817242928138
1403,674.1041238985279
1404,3520.0580060570555
1405,-6796.79876668944
1406,2542.0617486505002
1407,-741.8586554858152
1408,3854.4050387200227
1409,2280.2397889481726
1410,5463.261639841267
1411,-3609.271663043558
1412,-1129.9993883742222
1413,5357.909881697092
1414,-3634.577829519339
1415,-4641.631602951258
1416,1429.7691551667162
1417,-1789.8249742211663
1418,1846.843813868499
1419,159.13443493979216
1420,-1690.9261316818456
1421,5155.26840273934
1422,4564.0839719040405
1423,-2184.292761956342
1424,5580.498284889853
1425,-4625.589222701578
1426,4269.420285695503
1427,1476.6046639251972
1428,2329.3071442521823
1429,53.23052508845171
1430,599.9985547227532
1431,-3583.320941913098
1432,565.4161393130672
1433,4937.608537276955
1434,401.1775097322282
1435,7068.578021985062
1436,-4612.937312909358
1437,-3449.6976027221917
1438,6071.667813146173
1439,3527.143213455995
1440,6367.2440194445
1441,-2740.3029969174204
1442,-7349.4261323735145
1443,1000.4517232848398
1444,2504.1954086402866
1445,2995.3613877615385
1446,-571.017479853689
1447,-2650.6817181976357
1448,340.2867975686011
1449,6545.781284774933
1450,3266.888401821077
1451,2169.3123337439633
1452,3144.737024180228
1453,-1081.0708801854335
1454,-6522.665582551752
1455,1060.7601583224152
1456,3438.686502324489
1457,2667.7367955849286
1458,-8628.135595985259
1459,9493.583242138464
1460,-17.222002917712995
1461,1769.6867961380303
1462,1127.287381085788
1463,2299.7248432411016
1464,3236.61855192976
1465,-5282.5424315542305
1466,3069.561874492667
1467,7720.378837716726
1468,-14638.751459763484
1469,3759.584413930861
1470,-587.0871673132831
1471,-1710.1712762368668
1472,2241.511684431385
1473,3832.215196803489
1474,-11066.00285719153
1475,3300.4693494751505
1476,2401.289661416255
1477,-13668.999036493591
1478,9549.963043058931
1479,5801.3887736375345
1480,2492.500145447487
1481,-1535.864656481187
1482,46.72752786021852
1483,-288.613681330545
1484,-3438.627269083729
1485,7725.289328165009
1486,109.18982576087487
1487,310.6381894223039
1488,3144.836621217432
1489,1619.147617892449
1490,1645.3429615176008
1491,2195.404173686747
1492,1275.0966370006806
1493,2880.6108954629435
1494,-1792.491711882673
1495,-1481.0106437407899
1496,-2754.0593487468755
1497,4705.513475555192
1498,-314.6125094833847
1499,602.370934067486
1500,-643.653935442807
1501,1071.860345390108
1502,148.35955825061765
1503,-126.38504235757104
1504,180.29099341675814
1505,1125.6077790052111
