row_id,dataset_or_layer,provider,citation_key,role_in_swatgenx,native_resolution_or_scale,processed_resolution_or_use,version_or_snapshot,access_date_or_snapshot_date,acquisition_or_storage_mode,preprocessing_summary,status,notes
DM-01,NHDPlus HR vector hydrography bundle (NHDFlowline; NHDPlusCatchment; NHDPlusFlowlineVAA; NHDWaterbody; WBD HU8/HU12),U.S. Geological Survey (The National Map),Moore2019NHDPlusHR,Primary routed network; catchment polygons; lake polygons; VAA attributes; hydrologic unit labels for clipping and reporting,High-resolution vector product family (commonly cited as ~1:24 000-scale linework where published at that resolution),Projected UTM per VPU; metric lengths/areas for SWAT+ exports,audit_required_before_submission,audit_required_before_submission,HTTPS listing under USGS staged hydrography; GDB unpack to working VPU tree; per-VPU pickles before model-scale clip,Per-VPU download and extract; topology cleaning and hydrologic-sequence harmonization before HUC12 clip (see documents/NHDPlus_HR_SWATPlus_Methods.md and documents/SWATGenX/README_NHDPlus_HR_SWATPlus.md),documented,Record the USGS listing access date and the exact GDB/raster filenames used for each evaluated VPU at submission time.
DM-02,NHDPlus HR bundled elevation raster (elev_cm and related HR DEM products),U.S. Geological Survey (The National Map),Moore2019NHDPlusHR,Reach elevation extrema for channel drop; aligned terrain grid for SWAT+ GIS stack,Native HR DEM posting is product/stage dependent (source elev_cm in centimeters in the documented pipeline),Resampled to 30 m bilinear and reprojected to preprocessed stream CRS; written as USGS_DEM_30m.tif in the documented naming convention,audit_required_before_submission,audit_required_before_submission,Packaged HR raster branch download (zip/7z) under operator cache; not a persistent public archive of every generated DEM tile by default,Download/unpack; align to streams pickle CRS; skip if stream pickle missing (see README §7),documented,Large intermediate rasters are operator-local; manuscript should not imply long-term archival of every DEM artifact.
DM-03,Watershed Boundary Dataset (WBD) HU8 and HU12 polygons,U.S. Geological Survey,Jones2022WBD,Administrative hydrologic unit labels; multipart handling; UTM zone selection anchor (HU4 centroid),Polygon units per WBD distribution,Same geometries projected with hydrography stack for spatial joins,audit_required_before_submission,audit_required_before_submission,National Map / WBD distribution consistent with NHDPlus HR VPU tiling,Centroid spatial joins for catchments; tohuc carried where available; largest-area dedupe for multipart HU polygons,documented,Match WBD edition to the NHDPlus HR vintage used for the same VPU.
DM-04,PRISM gridded precipitation and temperature (station-grid files for SWAT+),Oregon State University PRISM Climate Group,Daly2008PRISM,SWAT+ climate station inputs (.pcp/.tmp) and CLI wiring,PRISM CONUS grids are commonly distributed on ~4 km cells (see PRISM documentation); code comments reference a 4 km grid in CLI headers,Per-cell PRISM extracts compiled into SWAT+ text inputs under model PRISM/ tree,audit_required_before_submission,audit_required_before_submission,Reads from operator-local PRISM archives or mirrors (not redistributed by this repository),Parallel station extract; write r*c*.pcp/.tmp; regenerate tmp.cli and pcp.cli,documented,Record PRISM product vintage and the archive end year used for the evaluation build.
DM-05,NSRDB gridded solar / humidity / wind drivers (archive-backed extract),National Renewable Energy Laboratory / NSRDB program,Sengupta2018NSRDB,SWAT+ .slr/.hmd/.wnd station files and CLI lists where enabled,Spacing is archive and product dependent; literature discusses multiple NSRDB grid families (commonly ~4 km for PSMSA-era summaries). Legacy internal notes mixed 4 km vs 2 km wording.,Station-style series extracted from operator-hosted NSRDB HDF5 archives; not a single asserted universal horizontal spacing in this table,audit_required_before_submission,audit_required_before_submission,Large sequential reads from operator-local NSRDB stores,Archive read + parallel extract consistent with SWATGenX NSRDB extractors,needs_audit,Do not cite a single NSRDB grid spacing in manuscript prose until the exact coordinate index / archive build used on the frozen host is recorded.
DM-06,NLCD land cover (Google Earth Engine export with on-disk fallback),U.S. Geological Survey (MRLC) / Google Earth Engine,Dewitz2021NLCD,Land use / land cover rasters for HRU delineation stack,NLCD native posting depends on collection (30 m and 250 m paths exist in code),Preferred 30 m NLCD per VPU under NLCD_VPUID_path; may warp 250 m NLCD to a 30 m reference grid when GEE export is unavailable,NLCD 2019 collection (USGS landing metadata cites ver. 3.0; February 2024) per Dewitz2021NLCD bib note,audit_required_before_submission,GEE-authenticated download when available; else reuse/warp on-disk NLCD rasters,download_nlcd / warp_landcover_to_reference_grid (see SWATGenX/NLCD_google_download.py and generate_geospatial_vpuid.py),documented,GEE export session ids and exact imageCollection assets are audit_required_before_submission.
DM-07,gSSURGO / SSURGO soils (clipped mapunit grids and tabular attributes),USDA Natural Resources Conservation Service,NRCSgSSURGO,Soil map layers and database tables consumed by SWAT+ soil definition workflows,Native gSSURGO raster posting is map-unit dependent (commonly 10 m in many CONUS tiles; verify per download),Typically resampled/reprojected to land-surface grid used with QSWAT+ stack (see configuration templates),audit_required_before_submission,audit_required_before_submission,Selective VPU extracts under operator GenXAppData-style trees; not a claim of mirroring the entire national gSSURGO database,Clip to VPU; MAPUNIT joins; reference rasters used as alignment targets for NLCD fallback warping in some branches,documented,Manuscript should describe mapunit + usersoil linkage to SWAT+ expectations—not a full replicated national SSURGO warehouse.
DM-08,NWIS streamgage catalog context (site metadata; not a gridded layer),U.S. Geological Survey,USGSNWIS,Outlet semantics and optional QA tables referencing NWIS identifiers,Point/station metadata (not a raster resolution),N/A,audit_required_before_submission,audit_required_before_submission,Public HTTPS NWIS interfaces; small catalog pulls during generation,Catalog-backed helper exports for QA where enabled,documented,Locked evaluation basins use NWIS site_no per evaluation-protocol.md; record pull date if cited.
DM-09,CDL / additional national ancillary layers,USDA and other distributors,,Optional crops/ancillary layers when enabled in product configuration,Product-specific,Product-specific,deferred_by_protocol,deferred_by_protocol,Only if explicitly enabled for a frozen evaluation case,Omit from claims unless listed in evaluation protocol rows,deferred_by_protocol,Not required for Phase 1 structural-only manuscript unless protocol is amended.
