rank,model_id,site_no,run_label,parameter,mu,mu_star,sigma,mu_star_conf,status
1,0310/usgs_station/02297600,02297600,controlled_eval_02297600_split20260601,surq_lag,-0.6434687534345587,0.6434687534345587,0.4685128792201288,0.189462972582408,frozen_from_morris_si_csv
2,0310/usgs_station/02297600,02297600,controlled_eval_02297600_split20260601,perco,0.23225106678391697,0.28800681735630096,0.41131571696389374,0.14277456392308838,frozen_from_morris_si_csv
3,0310/usgs_station/02297600,02297600,controlled_eval_02297600_split20260601,cn3_swf,0.05975717773495036,0.1412830374558973,0.16992827357916265,0.04330569450543838,frozen_from_morris_si_csv
4,0310/usgs_station/02297600,02297600,controlled_eval_02297600_split20260601,alpha_bf,-0.0921326702035976,0.0921326702035976,0.09870871337124416,0.039577360885929176,frozen_from_morris_si_csv
5,0310/usgs_station/02297600,02297600,controlled_eval_02297600_split20260601,dep_wt,0.06092569167012245,0.088178639195308,0.15650417009080464,0.041685408270751415,frozen_from_morris_si_csv
6,0310/usgs_station/02297600,02297600,controlled_eval_02297600_split20260601,spec_yld,0.05230809113173028,0.05445229546904819,0.09445221174216838,0.03472098329010196,frozen_from_morris_si_csv
7,0310/usgs_station/02297600,02297600,controlled_eval_02297600_split20260601,flo_min,-0.014195329217317603,0.05194802927142936,0.07743313956691458,0.02166034629827586,frozen_from_morris_si_csv
8,0310/usgs_station/02297600,02297600,controlled_eval_02297600_split20260601,dp_es,0.05000519951800647,0.05000519951800647,0.028226998511065526,0.011112285074438689,frozen_from_morris_si_csv
9,0310/usgs_station/02297600,02297600,controlled_eval_02297600_split20260601,mann,-0.03011252931476135,0.03161731038600614,0.024661318328464063,0.007595284063854027,frozen_from_morris_si_csv
10,0310/usgs_station/02297600,02297600,controlled_eval_02297600_split20260601,vol_dp_b,0.02294340582986642,0.0266565353028205,0.022210112527554456,0.005615426851206503,frozen_from_morris_si_csv
11,0310/usgs_station/02297600,02297600,controlled_eval_02297600_split20260601,dp_ps,-0.013028335672217142,0.013686132603106872,0.009184495475115403,0.0032482496982518838,frozen_from_morris_si_csv
12,0310/usgs_station/02297600,02297600,controlled_eval_02297600_split20260601,k,-0.006299239340097468,0.012846493013199666,0.022791209445923482,0.006979936030954097,frozen_from_morris_si_csv
13,0310/usgs_station/02297600,02297600,controlled_eval_02297600_split20260601,vol_area_co,-0.007478621702904741,0.009169495142262944,0.009332540660330783,0.002911530334764911,frozen_from_morris_si_csv
14,0310/usgs_station/02297600,02297600,controlled_eval_02297600_split20260601,revap_min,0.001305497737812263,0.007085563904676986,0.01732314418752922,0.006333064323308975,frozen_from_morris_si_csv
15,0310/usgs_station/02297600,02297600,controlled_eval_02297600_split20260601,esco,-0.0019320379452548659,0.006488989738625667,0.008448961162382746,0.0020970382401156603,frozen_from_morris_si_csv
16,0310/usgs_station/02297600,02297600,controlled_eval_02297600_split20260601,dep_bot,-0.001005741938515597,0.006460188043522207,0.016579953919611867,0.005760501434071825,frozen_from_morris_si_csv
17,0310/usgs_station/02297600,02297600,controlled_eval_02297600_split20260601,vol_dp_a,0.0021281640601083875,0.00630683281649762,0.007884602333597687,0.0017462708691702714,frozen_from_morris_si_csv
18,0310/usgs_station/02297600,02297600,controlled_eval_02297600_split20260601,epco,0.0003307296862153302,0.0037887254156861636,0.0063177052105646125,0.0018346497263428674,frozen_from_morris_si_csv
19,0310/usgs_station/02297600,02297600,controlled_eval_02297600_split20260601,urban_cn_a,-0.0010894837187814255,0.0012060410943705703,0.0012193134220667959,0.00037557555204586053,frozen_from_morris_si_csv
20,0310/usgs_station/02297600,02297600,controlled_eval_02297600_split20260601,gw_flo,-0.0006697395223036966,0.0006780338734485704,0.002993570487457256,0.0012055548900098989,frozen_from_morris_si_csv
21,0310/usgs_station/02297600,02297600,controlled_eval_02297600_split20260601,frac_dc_imp,-0.00030174765659719675,0.0005756069732116225,0.0007872865460907795,0.0001971409050972851,frozen_from_morris_si_csv
22,0310/usgs_station/02297600,02297600,controlled_eval_02297600_split20260601,fall_tmp,8.766579132634e-05,0.000257904351247963,0.0007518845030793747,0.0002478372020131631,frozen_from_morris_si_csv
23,0310/usgs_station/02297600,02297600,controlled_eval_02297600_split20260601,melt_min,-3.5845625648949715e-05,0.0002497484532976589,0.0008415817131913817,0.0002832895449635888,frozen_from_morris_si_csv
24,0310/usgs_station/02297600,02297600,controlled_eval_02297600_split20260601,urban_cn_c,-0.00018733058419952617,0.00023778106807390934,0.0002695560133040605,8.116076526278098e-05,frozen_from_morris_si_csv
25,0310/usgs_station/02297600,02297600,controlled_eval_02297600_split20260601,melt_tmp,-1.76911955239044e-05,0.0001325028940337394,0.0003489707120280777,0.0001166617305844178,frozen_from_morris_si_csv
26,0310/usgs_station/02297600,02297600,controlled_eval_02297600_split20260601,tmp_lag,-6.1326343090972735e-06,5.43216257159165e-05,0.00019905640106458668,6.223253797563437e-05,frozen_from_morris_si_csv
27,0310/usgs_station/02297600,02297600,controlled_eval_02297600_split20260601,melt_max,-2.7908095562918017e-08,2.8124536058074213e-08,1.1863858151748404e-07,3.977685850735182e-08,frozen_from_morris_si_csv
28,0310/usgs_station/02297600,02297600,controlled_eval_02297600_split20260601,cn_froz,0.0,0.0,0.0,0.0,frozen_from_morris_si_csv
29,0310/usgs_station/02297600,02297600,controlled_eval_02297600_split20260601,frac_imp,0.0,0.0,0.0,0.0,frozen_from_morris_si_csv
30,0310/usgs_station/02297600,02297600,controlled_eval_02297600_split20260601,urb_cn,0.0,0.0,0.0,0.0,frozen_from_morris_si_csv
31,0310/usgs_station/02297600,02297600,controlled_eval_02297600_split20260601,urban_cn_b,0.0,0.0,0.0,0.0,frozen_from_morris_si_csv
32,0310/usgs_station/02297600,02297600,controlled_eval_02297600_split20260601,urban_cn_d,0.0,0.0,0.0,0.0,frozen_from_morris_si_csv
33,0310/usgs_station/02297600,02297600,controlled_eval_02297600_split20260601,bf_max,0.0,0.0,0.0,0.0,frozen_from_morris_si_csv
34,0310/usgs_station/02297600,02297600,controlled_eval_02297600_split20260601,hru_ps,0.0,0.0,0.0,0.0,frozen_from_morris_si_csv
35,0310/usgs_station/02297600,02297600,controlled_eval_02297600_split20260601,hru_es,0.0,0.0,0.0,0.0,frozen_from_morris_si_csv
36,0310/usgs_station/02297600,02297600,controlled_eval_02297600_split20260601,hru_frac,0.0,0.0,0.0,0.0,frozen_from_morris_si_csv
37,0712/usgs_station/05536265,05536265,controlled_eval_05536265_split20260601,melt_min,-3.808615971133508,3.8200449750717125,9.84251042130378,3.5747271227593083,frozen_from_morris_si_csv
38,0712/usgs_station/05536265,05536265,controlled_eval_05536265_split20260601,k,-3.6832033662257264,3.6832033662257264,3.7334227239399866,1.2763614186186163,frozen_from_morris_si_csv
39,0712/usgs_station/05536265,05536265,controlled_eval_05536265_split20260601,cn3_swf,-3.319786242069085,3.319786242069085,2.024192501499616,0.6561063705069604,frozen_from_morris_si_csv
40,0712/usgs_station/05536265,05536265,controlled_eval_05536265_split20260601,perco,3.1507446550748153,3.1507446550748153,4.925842175049741,1.6938152086238338,frozen_from_morris_si_csv
41,0712/usgs_station/05536265,05536265,controlled_eval_05536265_split20260601,melt_max,-2.92550037993773,2.950877603091576,9.807120862535037,3.5722492437962106,frozen_from_morris_si_csv
42,0712/usgs_station/05536265,05536265,controlled_eval_05536265_split20260601,urban_cn_c,2.8183380860795433,2.86810266034404,2.914881905241766,1.0308069757939855,frozen_from_morris_si_csv
43,0712/usgs_station/05536265,05536265,controlled_eval_05536265_split20260601,mann,-1.7139770594846737,1.7819708848330407,1.377277350012554,0.5046214654966313,frozen_from_morris_si_csv
44,0712/usgs_station/05536265,05536265,controlled_eval_05536265_split20260601,surq_lag,1.7715287895540395,1.7715287895540395,2.685011905228144,0.9953992525885728,frozen_from_morris_si_csv
45,0712/usgs_station/05536265,05536265,controlled_eval_05536265_split20260601,urban_cn_a,1.3346675112717197,1.3346675112717197,1.1299986137988869,0.40824931285209604,frozen_from_morris_si_csv
46,0712/usgs_station/05536265,05536265,controlled_eval_05536265_split20260601,fall_tmp,1.1369681637559432,1.1440157853037192,2.124501581174784,0.8501195287144603,frozen_from_morris_si_csv
47,0712/usgs_station/05536265,05536265,controlled_eval_05536265_split20260601,melt_tmp,0.760622412467217,0.7922726244131226,1.105119008730487,0.4120818650849442,frozen_from_morris_si_csv
48,0712/usgs_station/05536265,05536265,controlled_eval_05536265_split20260601,frac_dc_imp,0.5882398964898017,0.6416873278904034,0.5475648944845873,0.16733787216777182,frozen_from_morris_si_csv
49,0712/usgs_station/05536265,05536265,controlled_eval_05536265_split20260601,urban_cn_d,0.5138445714855071,0.568802104480462,0.6073773637079333,0.2143846624734087,frozen_from_morris_si_csv
50,0712/usgs_station/05536265,05536265,controlled_eval_05536265_split20260601,tmp_lag,-0.4166768407656723,0.4628001390062886,0.9299017373772923,0.322993144390536,frozen_from_morris_si_csv
51,0712/usgs_station/05536265,05536265,controlled_eval_05536265_split20260601,urban_cn_b,0.3251172753432624,0.3409037276906145,0.24144636662834684,0.07698467572044654,frozen_from_morris_si_csv
52,0712/usgs_station/05536265,05536265,controlled_eval_05536265_split20260601,esco,-0.1046376387138251,0.10561650984541965,0.09069480478570467,0.029786944735641207,frozen_from_morris_si_csv
53,0712/usgs_station/05536265,05536265,controlled_eval_05536265_split20260601,epco,-0.0555567892258941,0.05581745632276502,0.05722508802364782,0.020955517850842598,frozen_from_morris_si_csv
54,0712/usgs_station/05536265,05536265,controlled_eval_05536265_split20260601,dp_es,-0.04211416538078016,0.04211416538078016,0.027775864529269,0.010597491028946339,frozen_from_morris_si_csv
55,0712/usgs_station/05536265,05536265,controlled_eval_05536265_split20260601,flo_min,0.034430064569970886,0.03774950792345772,0.057541345610939376,0.019692884844766334,frozen_from_morris_si_csv
56,0712/usgs_station/05536265,05536265,controlled_eval_05536265_split20260601,vol_dp_b,0.02244816961050034,0.025219567641678833,0.055851327978042264,0.02133577983679017,frozen_from_morris_si_csv
57,0712/usgs_station/05536265,05536265,controlled_eval_05536265_split20260601,dp_ps,0.012193534840550635,0.024527469595674905,0.03418414231088472,0.008837371290121371,frozen_from_morris_si_csv
58,0712/usgs_station/05536265,05536265,controlled_eval_05536265_split20260601,dep_wt,-0.02393889082535318,0.02404078796260678,0.046484779400424996,0.016819528247718922,frozen_from_morris_si_csv
59,0712/usgs_station/05536265,05536265,controlled_eval_05536265_split20260601,vol_dp_a,-0.010833023250134946,0.01132126931927994,0.036692245086991204,0.01290746023864737,frozen_from_morris_si_csv
60,0712/usgs_station/05536265,05536265,controlled_eval_05536265_split20260601,vol_area_co,-0.008249086511476052,0.0094691213052583,0.027024218377912752,0.010201215394108112,frozen_from_morris_si_csv
61,0712/usgs_station/05536265,05536265,controlled_eval_05536265_split20260601,dep_bot,-0.002564334774691689,0.0026995231331460746,0.00803847425202246,0.0031058846926945603,frozen_from_morris_si_csv
62,0712/usgs_station/05536265,05536265,controlled_eval_05536265_split20260601,spec_yld,7.779195154442957e-05,0.002522829374895113,0.0058786317708466665,0.0016933775922128701,frozen_from_morris_si_csv
63,0712/usgs_station/05536265,05536265,controlled_eval_05536265_split20260601,alpha_bf,0.0015141484601532047,0.001890047267911674,0.006003114372998267,0.00215451601205124,frozen_from_morris_si_csv
64,0712/usgs_station/05536265,05536265,controlled_eval_05536265_split20260601,gw_flo,-0.00014757426558136154,0.00014970209420230493,0.0005955840409976072,0.0002260726933069279,frozen_from_morris_si_csv
65,0712/usgs_station/05536265,05536265,controlled_eval_05536265_split20260601,revap_min,-7.078936158800965e-05,7.078936158800965e-05,0.0002560805447477825,9.588039637668871e-05,frozen_from_morris_si_csv
66,0712/usgs_station/05536265,05536265,controlled_eval_05536265_split20260601,cn_froz,0.0,0.0,0.0,0.0,frozen_from_morris_si_csv
67,0712/usgs_station/05536265,05536265,controlled_eval_05536265_split20260601,frac_imp,0.0,0.0,0.0,0.0,frozen_from_morris_si_csv
68,0712/usgs_station/05536265,05536265,controlled_eval_05536265_split20260601,urb_cn,0.0,0.0,0.0,0.0,frozen_from_morris_si_csv
69,0712/usgs_station/05536265,05536265,controlled_eval_05536265_split20260601,bf_max,0.0,0.0,0.0,0.0,frozen_from_morris_si_csv
70,0712/usgs_station/05536265,05536265,controlled_eval_05536265_split20260601,hru_ps,0.0,0.0,0.0,0.0,frozen_from_morris_si_csv
71,0712/usgs_station/05536265,05536265,controlled_eval_05536265_split20260601,hru_es,0.0,0.0,0.0,0.0,frozen_from_morris_si_csv
72,0712/usgs_station/05536265,05536265,controlled_eval_05536265_split20260601,hru_frac,0.0,0.0,0.0,0.0,frozen_from_morris_si_csv
