vpuid,site_no,nwis_drain_area_km2,wbd_upstream_hu12_area_sqkm,wbd_over_nwis_ratio,wbd_minus_nwis_pct
0310,02293681,53.0948,392.5604,7.3936,639.36
0310,02293694,150.2193,392.5604,2.6132,161.32
0310,02293986,414.3981,593.0547,1.4311,43.11
0310,02293987,419.5781,593.0547,1.4135,41.35
0310,02294068,59.5697,82.8201,1.3903,39.03
0310,02294161,530.4296,593.0547,1.1181,11.81
0310,02294217,137.2694,159.4731,1.1618,16.18
0310,02294290,157.9893,159.4731,1.0094,0.94
0310,02294330,55.4257,54.9007,0.9905,-0.95
0310,02294405,48.6918,369.9184,7.5971,659.71
0310,02294491,349.6484,369.9184,1.058,5.8
0310,02294650,1010.0954,1448.2658,1.4338,43.38
0310,02294655,1023.0453,1448.2658,1.4156,41.56
0310,02294775,1025.6353,1448.2658,1.4121,41.21
0310,02294781,1064.4851,1448.2658,1.3605,36.05
0310,02294898,1243.1943,1448.2658,1.165,16.5
0310,02295013,122.2474,165.3287,1.3524,35.24
0310,02295163,111.3695,57.7377,0.5184,-48.16
0310,02295194,1587.6627,2028.3491,1.2776,27.76
0310,02295203,1590.2527,2028.3491,1.2755,27.55
0310,02295420,313.3886,312.43,0.9969,-0.31
0310,02295435,13.7528,2028.3491,147.4859,14648.59
0310,02295440,1952.851,2028.3491,1.0387,3.87
0310,02295607,2092.7104,2028.3491,0.9692,-3.08
0310,02295637,2139.3302,2190.9026,1.0241,2.41
0310,02295755,9.7125,2190.9026,225.5766,22457.66
0310,02295850,38.8498,58.0973,1.4954,49.54
0310,02296057,45.3248,47.1216,1.0396,3.96
0310,02296180,54.9077,94.619,1.7232,72.32
0310,02296191,79.2536,94.619,1.1939,19.39
0310,02296207,98.6785,94.619,0.9589,-4.11
0310,02296222,108.5205,168.955,1.5569,55.69
0310,02296223,108.5205,168.955,1.5569,55.69
0310,02296260,497.2777,553.2881,1.1126,11.26
0310,02296389,168.6082,173.9311,1.0316,3.16
0310,02296500,854.6961,864.2574,1.0112,1.12
0310,02296750,3540.5137,3831.9243,1.0823,8.23
0310,02297100,341.8784,332.4607,0.9725,-2.75
0310,02297105,4325.2801,3831.9243,0.8859,-11.41
0310,02297153,34.9648,100.4982,2.8743,187.43
0310,02297155,108.7795,300.9085,2.7662,176.62
0310,02297220,123.8014,224.3569,1.8122,81.22
0310,02297251,336.6985,436.0803,1.2952,29.52
0310,02297272,39.1088,42.9466,1.0981,9.81
0310,02297290,74.3327,75.4336,1.0148,1.48
0310,02297310,564.6174,627.956,1.1122,11.22
0310,02297350,4610.1788,4599.1512,0.9976,-0.24
0310,02297460,4843.2778,5746.5091,1.1865,18.65
0310,02297635,233.3579,247.1134,1.0589,5.89
0310,02297733,17.1975,639.8452,37.2057,3620.57
0310,02297875,37.2958,168.4532,4.5167,351.67
0310,02298123,603.4672,983.562,1.6299,62.99
0310,02298124,631.9571,983.562,1.5564,55.64
0310,02298170,673.3969,983.562,1.4606,46.06
0310,02298202,966.0656,983.562,1.0181,1.81
0310,02298300,5956.9727,5942.1729,0.9975,-0.25
0310,02298488,75.6277,74.1206,0.9801,-1.99
0310,02298492,15.6694,313.9774,20.0376,1903.76
0310,02298495,10.1787,313.9774,30.8467,2984.67
0310,02298527,22.5588,87.515,3.8794,287.94
0310,02298530,17.068,87.515,5.1274,412.74
0310,02298556,223.516,313.9774,1.4047,40.47
0310,02298608,323.7485,471.7317,1.4571,45.71
0310,02298700,427.348,471.7317,1.1039,10.39
0310,02298760,51.7998,75.55,1.4585,45.85
0310,02298805,567.2074,625.3238,1.1025,10.25
0310,02298830,593.1073,625.3238,1.0543,5.43
0310,02298850,621.5971,625.3238,1.006,0.6
0310,02298880,655.267,710.3454,1.0841,8.41
0310,02298900,668.2169,710.3454,1.063,6.3
0310,02298928,0.518,911.5991,1759.8519,175885.19
0310,02298955,732.9666,911.5991,1.2437,24.37
0310,02299120,82.8796,97.5917,1.1775,17.75
0310,02299160,85.9876,97.5917,1.135,13.5
0310,02299230,927.2157,1465.499,1.5805,58.05
0310,02299360,62.1597,186.8328,3.0057,200.57
0310,02299410,94.5346,174.8141,1.8492,84.92
0310,02299450,209.789,495.8961,2.3638,136.38
0310,02299455,223.257,495.8961,2.2212,122.12
0310,02299470,239.5739,495.8961,2.0699,106.99
0310,02299472,221.962,495.8961,2.2341,123.41
0310,02299484,233.0989,495.8961,2.1274,112.74
0310,02299496,1502.1931,1557.2842,1.0367,3.67
0310,02299680,7.252,59.1334,8.1541,715.41
0310,02299681,4.403,80.8852,18.3706,1737.06
0310,02299684,8.806,80.8852,9.1853,818.53
0310,02299700,98.4195,151.1506,1.5358,53.58
0310,02299710,101.2685,151.1506,1.4926,49.26
0310,02299727,166.5362,151.1506,0.9076,-9.24
0310,02299737,39.8858,333.8271,8.3696,736.96
0310,02299741,12.3542,333.8271,27.0212,2602.12
0310,02299742,0.9065,333.8271,368.261,36726.1
0310,02299750,62.1597,220.5837,3.5487,254.87
0310,02299780,80.5486,220.5837,2.7385,173.85
0310,02299861,12.7168,74.6249,5.8682,486.82
0310,02299950,169.1262,251.0931,1.4846,48.46
0310,02300000,225.588,251.0931,1.1131,11.31
0310,023000095,354.8284,404.9012,1.1411,14.11
0310,02300017,36.2598,111.9772,3.0882,208.82
0310,02300018,131.0534,154.1451,1.1762,17.62
0310,02300029,52.0588,122.7064,2.3571,135.71
0310,02300032,66.8217,122.7064,1.8363,83.63
0310,02300033,66.3296,122.7064,1.8499,84.99
0310,02300034,6.216,122.7064,19.7405,1874.05
0310,023000355,24.1646,122.7064,5.0779,407.79
0310,023000358,117.3265,122.7064,1.0459,4.59
0310,02300036,11.1369,122.7064,11.018,1001.8
0310,02300037,2.4346,217.3329,89.2688,8826.88
0310,02300038,9.7902,217.3329,22.1991,2119.91
0310,02300039,2.9526,217.3329,73.6076,7260.76
0310,02300044,155.1403,217.3329,1.4009,40.09
0310,02300050,6.993,217.3329,31.0788,3007.88
0310,02300056,18.7256,217.3329,11.6062,1060.62
0310,02300062,6.475,217.3329,33.5651,3256.51
0310,02300064,214.969,217.3329,1.011,1.1
0310,02300075,32.3749,47.7246,1.4741,47.41
0310,02300082,46.1018,47.7246,1.0352,3.52
0310,02300092,15.7989,97.7217,6.1853,518.53
0310,02300096,24.3459,97.7217,4.0139,301.39
0310,02300100,81.3256,97.7217,1.2016,20.16
0310,02300130,20.3573,234.2883,11.5088,1050.88
0310,02300210,55.4257,100.7379,1.8175,81.75
0310,02300300,99.4555,100.7379,1.0129,1.29
0310,02300430,9.324,403.3707,43.2618,4226.18
0310,02300500,385.9082,403.3707,1.0453,4.53
0310,02300530,20.9789,535.3333,25.5177,2451.77
0310,02300546,528.3576,586.577,1.1102,11.02
0310,02300700,75.3687,104.205,1.3826,38.26
0310,02300703,94.0166,104.205,1.1084,10.84
0310,02300705,101.7865,104.205,1.0238,2.38
0310,02300882,101.0095,317.0658,3.139,213.9
0310,02300930,67.0807,63.9033,0.9526,-4.74
0310,02300978,81.3256,102.5185,1.2606,26.06
0310,02300995,8.4693,317.0658,37.4372,3643.72
0310,02301000,349.6484,317.0658,0.9068,-9.32
0310,02301150,188.0331,230.3228,1.2249,22.49
0310,02301300,277.1287,358.3351,1.293,29.3
0310,02301314,9.5571,358.3351,37.4943,3649.43
0310,02301325,675.9869,914.4806,1.3528,35.28
0310,02301328,717.4267,914.4806,1.2747,27.47
0310,02301350,22.4034,59.4554,2.6539,165.39
0310,02301400,36.7778,110.4999,3.0045,200.45
0310,02301500,867.646,914.4806,1.054,5.4
0310,02301638,973.8355,1040.3536,1.0683,6.83
0310,02301695,18.4407,1040.3536,56.4161,5541.61
0310,02301718,1072.2551,1040.3536,0.9702,-2.98
0310,02301719,1085.205,1040.3536,0.9587,-4.13
0310,02301721,1082.615,1040.3536,0.961,-3.9
0310,02301738,7.511,107.2764,14.2826,1328.26
0310,02301740,15.773,107.2764,6.8013,580.13
0310,02301745,5.18,107.2764,20.7098,1970.98
0310,02301750,41.6988,107.2764,2.5726,157.26
0310,02301780,41.4398,102.9805,2.4851,148.51
0310,02301793,3.7814,102.9805,27.2335,2623.35
0310,02301800,72.5197,102.9805,1.42,42.0
0310,02301802,75.1097,102.9805,1.3711,37.11
0310,02301900,24.6049,51.6957,2.101,110.1
0310,02301985,122.5064,143.8392,1.1741,17.41
0310,02301988,187.7741,594.3317,3.1651,216.51
0310,02301990,212.379,594.3317,2.7984,179.84
0310,02302280,134.6794,292.4124,2.1712,117.12
0310,02302500,284.8987,292.4124,1.0264,2.64
0310,02303000,569.7974,594.3317,1.0431,4.31
0310,02303090,41.4398,54.7318,1.3208,32.08
0310,02303100,38.8498,54.7318,1.4088,40.88
0310,02303174,5.18,53.9356,10.4123,941.23
0310,02303180,18.7256,53.9356,2.8803,188.03
0310,02303200,62.1597,53.9356,0.8677,-13.23
0310,02303205,70.9657,184.9758,2.6066,160.66
0310,02303250,1.2173,80.2945,65.9615,6496.15
0310,02303271,150.2193,184.9758,1.2314,23.14
0310,02303300,155.3993,184.9758,1.1903,19.03
0310,02303313,15.2809,184.9758,12.105,1110.5
0310,02303325,958.2956,923.8021,0.964,-3.6
0310,02303330,971.2455,1524.0888,1.5692,56.92
0310,02303332,1017.8653,1524.0888,1.4973,49.73
0310,02303348,44.0298,85.6551,1.9454,94.54
0310,02303350,59.5697,85.6551,1.4379,43.79
0310,02303354,1061.8951,1524.0888,1.4353,43.53
0310,02303358,18.4148,99.4707,5.4017,440.17
0310,02303360,1113.6949,1524.0888,1.3685,36.85
0310,02303379,8.7283,99.4707,11.3964,1039.64
0310,02303400,145.0393,157.337,1.0848,8.48
0310,02303408,189.5871,297.4808,1.5691,56.91
0310,02303410,19.9429,297.4808,14.9166,1391.66
0310,02303420,303.0286,436.7677,1.4413,44.13
0310,02303800,414.3981,436.7677,1.054,5.4
0310,02304500,1616.1526,1648.975,1.0203,2.03
0310,02304510,1618.7426,1648.975,1.0187,1.87
0310,02304517,1621.3326,1648.975,1.017,1.7
0310,02304520,1647.2324,1648.975,1.0011,0.11
0310,02305000,6.993,196.2274,28.0607,2706.07
0310,02305500,31.0799,1648.975,53.0561,5205.61
0310,02305780,3.5483,1648.975,464.7247,46372.47
0310,02305851,6.7081,1648.975,245.8196,24481.96
0310,02305855,9.0132,1648.975,182.952,18195.2
0310,023060013,1649.8224,1648.975,0.9995,-0.05
0310,02306006,2.9785,1648.975,553.6285,55262.85
0310,02306021,1.3209,1648.975,1248.378,124737.8
0310,02306028,1797.4517,1648.975,0.9174,-8.26
0310,02306071,3.3411,1748.6852,523.3885,52238.85
0310,02306289,5.698,56.0348,9.8342,883.42
0310,02306500,19.2436,56.0348,2.9119,191.19
0310,02306647,37.0368,56.0348,1.5129,51.29
0310,02306660,3.885,55.6218,14.3171,1331.71
0310,02306774,45.3248,196.2274,4.3294,332.94
0310,02306904,16.0579,196.2274,12.22,1122.0
0310,02306910,18.5443,196.2274,10.5815,958.15
0310,02307000,90.6496,196.2274,2.1647,116.47
0310,02307032,2.331,87.4047,37.4968,3649.68
0310,02307200,12.9758,103.7667,7.9969,699.69
0310,02307243,25.8999,103.7667,4.0065,300.65
0310,02307323,44.0298,103.7667,2.3567,135.67
0310,02307359,77.6996,103.7667,1.3355,33.55
0310,02307362,95.8296,103.7667,1.0828,8.28
0310,02307445,4.144,103.7667,25.0403,2404.03
0310,02307498,168.3492,158.0769,0.939,-6.1
0310,02307668,9.5053,75.1808,7.9094,690.94
0310,02307671,15.9802,75.1808,4.7046,370.46
0310,02307672,0.6993,75.1808,107.5091,10650.91
0310,02307673,17.4306,75.1808,4.3131,331.31
0310,02307674,18.1558,75.1808,4.1409,314.09
0310,02307697,23.3099,75.1808,3.2253,222.53
0310,02307731,4.403,75.1808,17.075,1607.5
0310,02307780,3.2375,75.1808,23.222,2222.2
0310,02308193,9.7384,53.9953,5.5446,454.46
0310,02308773,4.8951,299.7395,61.2328,6023.28
0310,02308776,8.8837,299.7395,33.7405,3274.05
0310,02308861,0.5957,56.1569,94.271,9327.1
0310,02308865,11.9139,56.1569,4.7135,371.35
0310,02308866,11.9139,56.1569,4.7135,371.35
0310,02308870,6.5009,129.6523,19.9438,1894.38
0310,02308889,36.2598,129.6523,3.5756,257.56
0310,02308929,4.4548,129.6523,29.1041,2810.41
0310,02308931,5.18,129.6523,25.0295,2402.95
0310,02308935,6.6045,129.6523,19.631,1863.1
0310,02309011,0.4662,129.6523,278.1058,27710.58
0310,02309110,15.2809,99.559,6.5152,551.52
0310,02309415,1.4763,120.105,81.3558,8035.58
0310,02309421,8.806,120.105,13.6391,1263.91
0310,02309425,10.5931,120.105,11.3381,1033.81
0310,02309445,2.9267,120.105,41.0379,4003.79
0310,02309740,88.0596,155.7051,1.7682,76.82
0310,02309848,44.2888,155.7051,3.5157,251.57
0310,02309980,176.3782,302.8283,1.7169,71.69
0310,02310000,187.7741,302.8283,1.6127,61.27
0310,02310050,210.307,302.8283,1.4399,43.99
0310,02310075,222.739,302.8283,1.3596,35.96
0310,02310147,11.4736,302.8283,26.3934,2539.34
0310,02310175,271.9488,120.105,0.4416,-55.84
0310,02310207,290.0787,120.105,0.414,-58.6
0310,02310210,20.0465,43.4418,2.1671,116.71
0310,02310219,13.1571,148.8291,11.3117,1031.17
0310,02310238,111.3695,232.7706,2.0901,109.01
0310,02310240,111.3695,232.7706,2.0901,109.01
0310,02310280,388.4982,459.2884,1.1822,18.22
0310,02310286,22.7919,459.2884,20.1514,1915.14
0310,02310300,471.3778,459.2884,0.9744,-2.56
0310,02310304,476.5578,459.2884,0.9638,-3.62
0310,02310307,489.5078,459.2884,0.9383,-6.17
0310,02310308,505.0477,459.2884,0.9094,-9.06
0310,02310310,505.0477,459.2884,0.9094,-9.06
0310,02310322,12.4319,137.2519,11.0403,1004.03
0310,02310350,56.9797,137.2519,2.4088,140.88
0310,02310352,75.6277,137.2519,1.8148,81.48
0310,02310368,95.8296,137.2519,1.4323,43.23
0310,02310530,59.5697,98.7671,1.658,65.8
0310,02310673,305.6186,237.4315,0.7769,-22.31
0310,02310674,308.2086,237.4315,0.7704,-22.96
0310,02310680,41.9578,144.1862,3.4365,243.65
0310,02310742,119.1395,177.246,1.4877,48.77
0310,02310800,336.6985,300.819,0.8934,-10.66
0310,02310900,24.6049,582.9242,23.6914,2269.14
0310,02310947,725.1967,924.5092,1.2748,27.48
0310,02311500,1010.0954,1082.1065,1.0713,7.13
0310,02312000,1476.2932,1572.5184,1.0652,6.52
0310,02312180,220.149,208.1564,0.9455,-5.45
0310,02312200,375.5483,365.4142,0.973,-2.7
0310,02312300,1629.1025,1742.1131,1.0694,6.94
0310,02312500,2097.8904,2411.2972,1.1494,14.94
0310,02312558,2113.4303,2411.2972,1.1409,14.09
0310,02312598,2408.6889,2411.2972,1.0011,0.11
0310,02312600,2577.0382,2676.3264,1.0385,3.85
0310,02312632,39.8858,98.158,2.461,146.1
0310,02312635,74.0737,98.158,1.3251,32.51
0310,02312640,103.5995,207.5969,2.0038,100.38
0310,02312645,131.0534,207.5969,1.5841,58.41
0310,02312667,20.7199,141.8442,6.8458,584.58
0310,02312690,98.4195,141.8442,1.4412,44.12
0310,02312700,1087.795,703.2243,0.6465,-35.35
0310,02312719,3936.7819,3711.4569,0.9428,-5.72
0310,02312720,3936.7819,3711.4569,0.9428,-5.72
0310,02312762,4402.9798,3863.8452,0.8776,-12.24
0310,02313000,4726.7283,4291.3978,0.9079,-9.21
0310,02313200,5076.3767,4691.0729,0.9241,-7.59
0310,02313230,5231.776,4810.5679,0.9195,-8.05
0310,274319081452000,0.3108,57.1606,183.9154,18291.54
0310,274906081594500,1.554,161.5734,103.973,10297.3
0310,280809081535800,2.072,110.7859,53.4683,5246.83
