site_no,station_name,usgs_da_km2,usgs_da_source,name_peace_river,name_tributary,name_lake_outlet,name_lake,name_canal,v1b_nhdplusid,v1b_pick_rule,reference_class,reference_gnis,reference_ftype,reference_has_wb_link,nhd_first_totdasqkm,nhd_first_streamorde,nhd_first_ftype,nhd_first_gnis,swat_gis_id,swat_lcha,mapping_method,mapped_nhdplusid,replacement_steps_downstream,chandeg_present,nhd_tda_km2,swat_da_km2,swat_nhd_ratio,swat_nhd_pct_diff,assignment_class,calibration_eligible,reason_code,production_gis_channel,production_nhdplusid,production_nhd_pick_rule,v1_draft_nhdplusid,production_pick_rule,v1_draft_pick_rule,v1b_context,prod_eq_v1b,prod_eq_v1b_nhd,prod_eq_v1b_gis,v1b_changed_from_draft,audit_v1b_ratio_swat_vs_tda,audit_v1b_pct_diff_vs_tda,audit_v1b_ratio_swat_vs_orig_up,audit_prod_ratio_swat_vs_tda,audit_prod_pct_diff_vs_tda,notes,v1b_nhdplusid_p1b,v1b_pick_rule_p1b,v1_draft_context,prod_eq_draft,draft_eq_v1b,production_nhdplusid_p0,audit_v1b_usgs_site_no,audit_v1b_station_name,audit_v1b_nhdplusid_crosswalk,audit_v1b_crosswalk_snap_dist_m,audit_v1b_nhdplusid_gage_pick_500m,audit_v1b_crosswalk_eq_gage_pick,audit_v1b_nhd_gage_pick_rule,audit_v1b_swat_chandeg_km2,audit_v1b_nhd_local_areasqkm_km2,audit_v1b_nhd_totdasqkm_km2,audit_v1b_nhd_orig_upstream_catchment_sum_km2,audit_v1b_nhd_clean_upstream_catchment_sum_km2,audit_v1b_nhd_orig_upstream_waterbody_km2,audit_v1b_nhd_orig_upstream_n_reaches,audit_v1b_nhd_clean_upstream_n_reaches,audit_v1b_usgs_da_km2,audit_v1b_pct_diff_vs_local,audit_v1b_ratio_swat_vs_local,audit_v1b_pct_diff_vs_orig_up,audit_v1b_pct_diff_vs_clean_up,audit_v1b_ratio_swat_vs_clean_up,audit_prod_usgs_site_no,audit_prod_station_name,audit_prod_nhdplusid_crosswalk,audit_prod_crosswalk_snap_dist_m,audit_prod_nhdplusid_gage_pick_500m,audit_prod_crosswalk_eq_gage_pick,audit_prod_nhd_gage_pick_rule,audit_prod_swat_chandeg_km2,audit_prod_nhd_local_areasqkm_km2,audit_prod_nhd_totdasqkm_km2,audit_prod_nhd_orig_upstream_catchment_sum_km2,audit_prod_nhd_clean_upstream_catchment_sum_km2,audit_prod_nhd_orig_upstream_waterbody_km2,audit_prod_nhd_orig_upstream_n_reaches,audit_prod_nhd_clean_upstream_n_reaches,audit_prod_usgs_da_km2,audit_prod_pct_diff_vs_local,audit_prod_ratio_swat_vs_local,audit_prod_pct_diff_vs_orig_up,audit_prod_ratio_swat_vs_orig_up,audit_prod_pct_diff_vs_clean_up,audit_prod_ratio_swat_vs_clean_up
02293681,LAKE HAMILTON NEAR LAKE HAMILTON FL,53.094756261888,nwis_contrib_drain_area_km2,False,False,False,True,False,15000700011475,nhd_first_v1b_levelpath,lake_related,,558,True,78.53100002,3,336,Peace Creek Drainage Canal,1018,970.0,lake_outlet_replacement,15000700083706,1,True,123.13099995,126.9437013,1.0309645934130984,3.0964593413098465,lake_outlet_review,False,lake_outlet_manual_review,1018,15000700023411,da_distance,15000700023411,da_distance,nhd_first_distance_fallback,lake_related,False,False,True,True,,,,,,Mapped at downstream step 1 to NHD 15000700083706 (ref 15000700011475).,15000700011475,nhd_first_v1b_levelpath,lake_related,True,False,15000700023411,,,,,,,,,,,,,,,,,,,,,,,,,,,,,,,,,,,,,,,,,,,
02293694,PEACE CREEK DRAINAGE CANAL NEAR DUNDEE FL,150.219310399488,nwis_drain_area_km2,False,True,False,False,True,15000700023411,nhd_first_v1b_gnis,canal,Peace Creek Drainage Canal,336,False,78.53100002,3,336,Peace Creek Drainage Canal,1008,960.0,exact_crosswalk,15000700023411,0,True,78.53100002,9.8006307,0.1247995148094893,-87.52004851905106,canal_or_artificial_review,False,canal_or_artificial_manual_review,1008,15000700023411,da_distance,15000700023411,da_distance,nhd_first_canal_ftype,canal,True,True,True,False,0.1248,87.52,0.998,0.1248,87.52,Exact NHDPlusID crosswalk to chandeg gis_id.,15000700023411,nhd_first_v1b_gnis,canal,True,True,15000700023411,02293694,PEACE CREEK DRAINAGE CANAL NEAR DUNDEE FL,15000700023411.0,1.7,15000700023411.0,True,da_distance,9.8,0.8,78.53,9.82,9.82,0.0,5.0,5.0,392.56,1125.08,12.2508,0.2,0.2,0.998,02293694,PEACE CREEK DRAINAGE CANAL NEAR DUNDEE FL,15000700023411.0,1.7,15000700023411.0,True,da_distance,9.8,0.8,78.53,9.82,9.82,0.0,5.0,5.0,392.56,1125.08,12.2508,0.2,0.998,0.2,0.998
02293986,PEACE CREEK DRAINAGE CANAL NEAR ALTURAS FL,414.39809765376,nwis_drain_area_km2,False,True,False,False,True,15000700071069,nhd_first_v1b_levelpath,canal,,460,False,0.14489998,1,460,,6643,5774.0,exact_crosswalk,15000700071069,0,True,0.14489998,0.1439671,0.9935619038732788,-0.6438096126721513,canal_or_artificial_review,False,canal_or_artificial_manual_review,6643,15000700011003,da_distance,15000700071069,da_distance,nhd_first_canal_ftype,canal,False,False,True,False,,,,,,Exact NHDPlusID crosswalk to chandeg gis_id.,15000700071069,nhd_first_v1b_levelpath,canal,False,True,15000700011003,,,,,,,,,,,,,,,,,,,,,,,,,,,,,,,,,,,,,,,,,,,
02293987,PEACE CREEK DRAINAGE CANAL NEAR WAHNETA FL,419.578073874432,nwis_drain_area_km2,False,True,False,False,True,15000700022809,nhd_first_v1b_gnis,canal,Peace Creek,558,True,386.91189983,4,558,Peace Creek,470,443.0,exact_crosswalk,15000700022809,0,True,386.91189983,404.8491684,1.046360085016463,4.6360085016463,canal_or_artificial_review,False,canal_or_artificial_manual_review,470,15000700022809,da_distance,15000700022809,da_distance,nhd_first_distance_fallback,canal,True,True,True,False,1.0464,4.64,1.0805,1.0464,4.64,Exact NHDPlusID crosswalk to chandeg gis_id.,15000700022809,nhd_first_v1b_gnis,canal,True,True,15000700022809,02293987,PEACE CREEK DRAINAGE CANAL NEAR WAHNETA FL,15000700022809.0,1.4,15000700022809.0,True,da_distance,404.85,1.37,386.91,374.7,367.05,51.64,371.0,365.0,593.05,29451.03,295.5103,8.05,10.3,1.103,02293987,PEACE CREEK DRAINAGE CANAL NEAR WAHNETA FL,15000700022809.0,1.4,15000700022809.0,True,da_distance,404.85,1.37,386.91,374.7,367.05,51.64,371.0,365.0,593.05,29451.03,295.5103,8.05,1.0805,10.3,1.103
02294068,LULU LAKE OUTLET AT ELOISE FL,59.569726537728,nwis_drain_area_km2,False,False,True,True,False,15000700070958,nhd_first_v1b_levelpath,lake_outlet,,336,False,37.81499997,2,336,,1446,1361.0,exact_crosswalk,15000700070958,0,True,37.81499997,29.9786661,0.7927718134016436,-20.72281865983564,lake_outlet_review,False,lake_outlet_manual_review,1446,15000700047004,da_distance,15000700070958,da_distance,nhd_first_lake_outlet_nearest,lake_outlet,False,False,True,False,,,,,,Exact NHDPlusID crosswalk to chandeg gis_id.,15000700070958,nhd_first_v1b_levelpath,lake_outlet,False,True,15000700047004,,,,,,,,,,,,,,,,,,,,,,,,,,,,,,,,,,,,,,,,,,,
02294161,PEACE CREEK NEAR BARTOW FL,530.4295649968128,nwis_drain_area_km2,False,True,False,False,False,15000700010442,nhd_first_v1b_gnis,tributary,Peace Creek,558,True,503.90429993,4,558,Peace Creek,451,429.0,lake_outlet_replacement,15000700010307,1,True,503.90429993,590.6192902,1.1720862280437894,17.208622804378944,lake_outlet_review,False,lake_outlet_manual_review,451,15000700010307,da_distance,15000700010442,da_distance,nhd_first_tributary_local_gnis,tributary,False,False,True,False,1.1482,14.82,1.1482,1.1482,14.82,Mapped at downstream step 1 to NHD 15000700010307 (ref 15000700010442).,15000700010442,nhd_first_v1b_gnis,tributary,False,True,15000700010307,02294161,PEACE CREEK NEAR BARTOW FL,15000700010307.0,75.8,15000700010307.0,True,da_distance,590.62,4.8,514.37,514.37,506.32,68.86,504.0,496.0,593.05,12204.57,123.0457,14.82,16.65,1.1665,02294161,PEACE CREEK NEAR BARTOW FL,15000700010307.0,75.8,15000700010307.0,True,da_distance,590.62,4.8,514.37,514.37,506.32,68.86,504.0,496.0,593.05,12204.57,123.0457,14.82,1.1482,16.65,1.1665
02294217,SADDLE CREEK AT ST.HWY 542 NEAR LAKELAND FL,137.26936984780798,nwis_drain_area_km2,False,True,False,False,False,15000700057875,nhd_first_v1b_gnis,tributary,Saddle Creek,558,True,106.14489989,4,558,Saddle Creek,947,900.0,exact_crosswalk,15000700057875,0,True,106.14489989,120.7286672,1.1373948943860086,13.739489438600852,tributary_clean,True,calibration_ready,947,15000700057875,da_distance,15000700057875,da_distance,nhd_first_tributary_local_gnis,tributary,True,True,True,False,1.1374,13.74,1.1374,1.1374,13.74,Exact NHDPlusID crosswalk to chandeg gis_id.,15000700057875,nhd_first_v1b_gnis,tributary,True,True,15000700057875,02294217,SADDLE CREEK AT ST.HWY 542 NEAR LAKELAND FL,15000700057875.0,123.7,15000700057875.0,True,da_distance,120.73,0.47,106.14,106.14,106.14,18.3,203.0,202.0,159.47,25586.95,256.8695,13.74,13.74,1.1374,02294217,SADDLE CREEK AT ST.HWY 542 NEAR LAKELAND FL,15000700057875.0,123.7,15000700057875.0,True,da_distance,120.73,0.47,106.14,106.14,106.14,18.3,203.0,202.0,159.47,25586.95,256.8695,13.74,1.1374,13.74,1.1374
02294260,LAKE PARKER OUTLET AT LAKELAND FL,159.4730888687525,wbd_upstream_hu12_area_sqkm,False,False,True,True,False,15000700021204,nhd_first_v1b_levelpath,lake_outlet,,558,True,50.03610001,3,558,,1392,1315.0,lake_outlet_replacement,15000700093457,1,True,50.03610001,61.0420657,1.2199605022733666,21.99605022733666,lake_outlet_review,False,lake_outlet_manual_review,1392,15000700093457,da_distance,15000700021204,da_distance,nhd_first_lake_wb_link,lake_outlet,False,False,True,False,1.1701,17.01,1.1701,1.1701,17.01,Mapped at downstream step 1 to NHD 15000700093457 (ref 15000700021204).,15000700021204,nhd_first_v1b_levelpath,lake_outlet,False,True,15000700093457,02294260,LAKE PARKER OUTLET AT LAKELAND FL,15000700093457.0,32.7,15000700093457.0,True,da_distance,61.04,2.14,52.17,52.17,52.17,14.06,114.0,114.0,159.47,2752.43,28.5243,17.01,17.01,1.1701,02294260,LAKE PARKER OUTLET AT LAKELAND FL,15000700093457.0,32.7,15000700093457.0,True,da_distance,61.04,2.14,52.17,52.17,52.17,14.06,114.0,114.0,159.47,2752.43,28.5243,17.01,1.1701,17.01,1.1701
02294261,LAKE PARKER OUTLET AT COMBEE SETTLEMENT FL,159.4730888687525,wbd_upstream_hu12_area_sqkm,False,False,True,True,False,15000700093457,nhd_first_v1b_levelpath,lake_outlet,,336,False,52.17359997,3,336,,1392,1315.0,exact_crosswalk,15000700093457,0,True,52.17359997,61.0420657,1.169979946469084,16.997994646908403,lake_outlet_review,False,lake_outlet_manual_review,1392,15000700070386,da_distance,15000700093457,da_distance,nhd_first_lake_outlet_nearest,lake_outlet,False,False,True,False,1.1701,17.01,1.1701,1.1701,17.01,Exact NHDPlusID crosswalk to chandeg gis_id.,15000700093457,nhd_first_v1b_levelpath,lake_outlet,False,True,15000700070386,02294261,LAKE PARKER OUTLET AT COMBEE SETTLEMENT FL,15000700093457.0,32.7,15000700070386.0,False,da_distance,61.04,2.14,52.17,52.17,52.17,14.06,114.0,114.0,159.47,2752.43,28.5243,17.01,17.01,1.1701,02294261,LAKE PARKER OUTLET AT COMBEE SETTLEMENT FL,15000700093457.0,32.7,15000700070386.0,False,da_distance,61.04,2.14,52.17,52.17,52.17,14.06,114.0,114.0,159.47,2752.43,28.5243,17.01,1.1701,17.01,1.1701
02294290,SADDLE CREEK AT STATE HWY 570 NEAR EATON PARK FL,157.989274730496,nwis_drain_area_km2,False,True,False,False,False,15000700045993,nhd_first_v1b_gnis,tributary,Saddle Creek,558,True,135.26619994,4,558,Saddle Creek,770,733.0,lake_outlet_replacement,15000700045991,8,True,135.26619994,335.25871440000003,2.478510629770857,147.85106297708566,lake_outlet_review,False,lake_outlet_manual_review,770,15000700045993,da_distance,15000700045993,da_distance,nhd_first_tributary_local_gnis,tributary,True,True,True,False,,,,,,Mapped at downstream step 8 to NHD 15000700045991 (ref 15000700045993).,15000700045993,nhd_first_v1b_gnis,tributary,True,True,15000700045993,,,,,,,,,,,,,,,,,,,,,,,,,,,,,,,,,,,,,,,,,,,
02294330,LAKE LENA RUN NEAR AUBURNDALE FL,55.4257455611904,nwis_drain_area_km2,False,True,False,True,False,15000700046384,nhd_first_v1b_levelpath,lake_related,,460,False,48.74330006,2,460,,2072,1889.0,exact_crosswalk,15000700046384,0,True,48.74330006,63.5854851,1.3044969261771395,30.449692617713985,lake_outlet_review,False,lake_outlet_manual_review,2072,15000700046384,da_distance,15000700046384,da_distance,nhd_first_distance_fallback,lake_related,True,True,True,False,,,,,,Exact NHDPlusID crosswalk to chandeg gis_id.,15000700046384,nhd_first_v1b_levelpath,lake_related,True,True,15000700046384,,,,,,,,,,,,,,,,,,,,,,,,,,,,,,,,,,,,,,,,,,,
02294405,"BANANA-HANCOCK CANAL NR HIGHLAND CITY, FL",48.6917764743168,nwis_drain_area_km2,False,False,False,False,True,15000700057695,nhd_first_v1b_levelpath,canal,,460,False,32.95929996,3,460,,1181,1120.0,exact_crosswalk,15000700057695,0,True,32.95929996,48.5323176,1.4724923666127523,47.24923666127524,canal_or_artificial_review,False,canal_or_artificial_manual_review,1181,15000700021579,da_distance,15000700057695,da_distance,nhd_first_canal_ftype,canal,False,False,True,False,,,,,,Exact NHDPlusID crosswalk to chandeg gis_id.,15000700057695,nhd_first_v1b_levelpath,canal,False,True,15000700021579,,,,,,,,,,,,,,,,,,,,,,,,,,,,,,,,,,,,,,,,,,,
02294491,SADDLE CREEK AT STRUCTURE P-11 NEAR BARTOW FL,349.64839489536,nwis_drain_area_km2,False,True,False,False,False,15000700045991,nhd_first_v1b_gnis,tributary,Saddle Creek,558,True,281.84169988,4,558,Saddle Creek,770,733.0,exact_crosswalk,15000700045991,0,True,281.84169988,335.25871440000003,1.1895284286986043,18.95284286986043,tributary_clean,True,calibration_ready,770,15000700021939,da_distance,15000700045991,da_distance,nhd_first_tributary_local_gnis,tributary,False,False,True,False,,,,,,Exact NHDPlusID crosswalk to chandeg gis_id.,15000700045991,nhd_first_v1b_gnis,tributary,False,True,15000700021939,,,,,,,,,,,,,,,,,,,,,,,,,,,,,,,,,,,,,,,,,,,
02294650,"PEACE RIVER AT SR 60 AT BARTOW, FL",1010.09536303104,nwis_drain_area_km2,True,False,False,False,False,15000700034172,nhd_first_v1b_gnis,mainstem,Peace River,558,True,842.36539974,5,558,Peace River,439,417.0,exact_crosswalk,15000700034172,0,True,842.36539974,987.6217969,1.1724387032098351,17.243870320983515,mainstem_known_nhd_offset,True,calibration_ready_documented_nhd_offset,439,15000700010251,da_distance,15000700034172,da_distance,nhd_first_mainstem_levelpath_gnis,mainstem,False,False,True,False,,,,,,Exact NHDPlusID crosswalk to chandeg gis_id.,15000700034172,nhd_first_v1b_gnis,mainstem,False,True,15000700010251,,,,,,,,,,,,,,,,,,,,,,,,,,,,,,,,,,,,,,,,,,,
02294655,PEACE RIVER NEAR BARTOW FL,1023.04530358272,nwis_drain_area_km2,True,False,False,False,False,15000700058476,nhd_first_v1b_gnis,mainstem,Peace River,558,True,865.3414998,5,558,Peace River,427,405.0,lake_outlet_replacement,15000700058475,1,True,865.3414998,1046.57317,1.2094336978428593,20.943369784285938,lake_outlet_review,False,lake_outlet_manual_review,427,15000700058476,distance_only,15000700058476,distance_only,nhd_first_mainstem_levelpath_gnis,mainstem,True,True,True,False,,,,,,Mapped at downstream step 1 to NHD 15000700058475 (ref 15000700058476).,15000700058476,nhd_first_v1b_gnis,mainstem,True,True,15000700058476,,,,,,,,,,,,,,,,,,,,,,,,,,,,,,,,,,,,,,,,,,,
02294705,PEACE RV DISTRIBUTARY AT DOVER SINK NR BARTOW FL,1448.2658499695908,wbd_upstream_hu12_area_sqkm,False,False,False,False,False,15000700058476,nhd_first_v1b_levelpath,mainstem,Peace River,558,True,865.3414998,5,558,Peace River,427,405.0,lake_outlet_replacement,15000700058475,1,True,865.3414998,1046.57317,1.2094336978428593,20.943369784285938,lake_outlet_review,False,lake_outlet_manual_review,427,15000700058476,distance_only,15000700058476,distance_only,nhd_first_mainstem_levelpath_gnis,cumulative,True,True,True,False,,,,,,Mapped at downstream step 1 to NHD 15000700058475 (ref 15000700058476).,15000700058476,nhd_first_v1b_levelpath,cumulative,True,True,15000700058476,,,,,,,,,,,,,,,,,,,,,,,,,,,,,,,,,,,,,,,,,,,
02294747,SIXMILE CREEK AT BARTOW FL,1448.2658499695908,wbd_upstream_hu12_area_sqkm,False,True,False,False,False,15000700058475,nhd_first_v1b_levelpath,tributary,Peace River,558,True,891.56249983,5,558,Peace River,427,405.0,exact_crosswalk,15000700058475,0,True,891.56249983,1046.57317,1.1738640535010805,17.38640535010802,tributary_clean,True,calibration_ready,427,15000700058475,da_distance,15000700058475,da_distance,nhd_first_tributary_local_gnis,tributary,True,True,True,False,,,,,,Exact NHDPlusID crosswalk to chandeg gis_id.,15000700058475,nhd_first_v1b_levelpath,tributary,True,True,15000700058475,,,,,,,,,,,,,,,,,,,,,,,,,,,,,,,,,,,,,,,,,,,
02294760,BARBER BRANCH NEAR HOMELAND FL,83.81896744390077,wbd_upstream_hu12_area_sqkm,False,True,False,False,False,15000700046375,nhd_first_v1b_gnis,tributary,Barber Branch,460,False,4.05980003,1,460,Barber Branch,6981,6074.0,exact_crosswalk,15000700046375,0,True,4.05980003,4.874057199999999,1.2005658318101935,20.05658318101937,tributary_clean,True,calibration_ready,6981,15000700058475,da_distance,15000700046375,da_distance,nhd_first_tributary_local_gnis,tributary,False,False,True,False,,,,,,Exact NHDPlusID crosswalk to chandeg gis_id.,15000700046375,nhd_first_v1b_gnis,tributary,False,True,15000700058475,,,,,,,,,,,,,,,,,,,,,,,,,,,,,,,,,,,,,,,,,,,
02294775,PEACE RIVER AT CLEAR SPRINGS NEAR BARTOW FL,1025.635291693056,nwis_drain_area_km2,True,False,False,False,False,15000700058476,nhd_first_v1b_gnis,mainstem,Peace River,558,True,865.3414998,5,558,Peace River,427,405.0,lake_outlet_replacement,15000700058475,1,True,865.3414998,1046.57317,1.2094336978428593,20.943369784285938,lake_outlet_review,False,lake_outlet_manual_review,427,15000700058475,da_distance,15000700058476,da_distance,nhd_first_mainstem_levelpath_gnis,mainstem,False,False,True,False,,,,,,Mapped at downstream step 1 to NHD 15000700058475 (ref 15000700058476).,15000700058476,nhd_first_v1b_gnis,mainstem,False,True,15000700058475,,,,,,,,,,,,,,,,,,,,,,,,,,,,,,,,,,,,,,,,,,,
02294781,PEACE RIVER NEAR HOMELAND FL,1064.485113348096,nwis_drain_area_km2,True,False,False,False,False,15000700060284,nhd_first_v1b_gnis,mainstem,Peace River,558,True,910.65249984,5,558,Peace River,422,400.0,exact_crosswalk,15000700060284,0,True,910.65249984,1066.4732311,1.1711088821338298,17.110888213382978,mainstem_known_nhd_offset,True,calibration_ready_documented_nhd_offset,422,15000700060284,distance_only,15000700060284,distance_only,nhd_first_mainstem_levelpath_gnis,mainstem,True,True,True,False,1.1711,17.11,1.1711,1.1711,17.11,Exact NHDPlusID crosswalk to chandeg gis_id.,15000700060284,nhd_first_v1b_gnis,mainstem,True,True,15000700060284,02294781,PEACE RIVER NEAR HOMELAND FL,15000700060284.0,69.3,15000700060284.0,True,distance_only,1066.47,15.03,910.65,910.65,901.85,128.27,970.0,959.0,1448.27,6995.63,70.9563,17.11,18.25,1.1825,02294781,PEACE RIVER NEAR HOMELAND FL,15000700060284.0,69.3,15000700060284.0,True,distance_only,1066.47,15.03,910.65,910.65,901.85,128.27,970.0,959.0,1448.27,6995.63,70.9563,17.11,1.1711,18.25,1.1825
02294898,PEACE RIVER AT FORT MEADE FL,1243.19429296128,nwis_contrib_drain_area_km2,True,False,False,False,False,15000700046661,nhd_first_v1b_gnis,mainstem,Peace River,558,True,995.38719978,5,558,Peace River,399,379.0,exact_crosswalk,15000700046661,0,True,995.38719978,1162.6722525,1.1680602812221952,16.80602812221951,mainstem_known_nhd_offset,True,calibration_ready_documented_nhd_offset,399,15000700046661,distance_only,15000700046661,distance_only,nhd_first_mainstem_levelpath_gnis,mainstem,True,True,True,False,1.1681,16.81,1.1681,1.1681,16.81,Exact NHDPlusID crosswalk to chandeg gis_id.,15000700046661,nhd_first_v1b_gnis,mainstem,True,True,15000700046661,02294898,PEACE RIVER AT FORT MEADE FL,15000700046661.0,131.3,15000700046661.0,True,distance_only,1162.67,1.27,995.39,995.39,986.58,137.14,1040.0,1029.0,1448.27,91449.0,915.49,16.81,17.85,1.1785,02294898,PEACE RIVER AT FORT MEADE FL,15000700046661.0,131.3,15000700046661.0,True,distance_only,1162.67,1.27,995.39,995.39,986.58,137.14,1040.0,1029.0,1448.27,91449.0,915.49,16.81,1.1681,17.85,1.1785
02295013,BOWLEGS CREEK NEAR FORT MEADE FL,122.2474388078592,nwis_drain_area_km2,False,True,False,False,False,15000700071244,nhd_first_v1b_gnis,tributary,Bowlegs Creek,460,False,133.14200008,4,460,Bowlegs Creek,968,921.0,exact_crosswalk,15000700071244,0,True,133.14200008,123.1842576,0.925209607231251,-7.4790392768748974,tributary_clean,True,calibration_ready,968,15000700071244,distance_only,15000700071244,distance_only,nhd_first_tributary_local_gnis,tributary,True,True,True,False,0.9252,7.48,1.0686,0.9252,7.48,Exact NHDPlusID crosswalk to chandeg gis_id.,15000700071244,nhd_first_v1b_gnis,tributary,True,True,15000700071244,02295013,BOWLEGS CREEK NEAR FORT MEADE FL,15000700071244.0,33.5,15000700071244.0,True,distance_only,123.18,1.69,133.14,115.28,115.12,18.42,182.0,181.0,165.33,7189.01,72.8901,6.86,7.01,1.0701,02295013,BOWLEGS CREEK NEAR FORT MEADE FL,15000700071244.0,33.5,15000700071244.0,True,distance_only,123.18,1.69,133.14,115.28,115.12,18.42,182.0,181.0,165.33,7189.01,72.8901,6.86,1.0686,7.01,1.0701
02295163,WHIDDEN CREEK NEAR FORT MEADE FL,111.369488744448,nwis_drain_area_km2,False,True,False,False,False,15000700058472,nhd_first_v1b_gnis,tributary,Whidden Creek,558,True,114.30910011,3,558,Whidden Creek,1409,1329.0,lake_outlet_replacement,15000700058625,1,True,114.30910011,126.5145163,1.106775542614321,10.677554261432103,lake_outlet_review,False,lake_outlet_manual_review,1409,15000700058471,da_distance,15000700058472,da_distance,nhd_first_tributary_local_gnis,tributary,False,False,True,False,,,,,,Mapped at downstream step 1 to NHD 15000700058625 (ref 15000700058472).,15000700058472,nhd_first_v1b_gnis,tributary,False,True,15000700058471,,,,,,,,,,,,,,,,,,,,,,,,,,,,,,,,,,,,,,,,,,,
02295194,PEACE RIVER AT BOWLING GREEN FL,1587.662711635968,nwis_drain_area_km2,True,False,False,False,False,15000700070531,nhd_first_v1b_gnis,mainstem,Peace River,558,True,1342.29999993,5,558,Peace River,332,328.0,exact_crosswalk,15000700070531,0,True,1342.29999993,1537.7319946,1.1455948705059908,14.559487050599094,mainstem_known_nhd_offset,True,calibration_ready_documented_nhd_offset,332,15000700070531,da_distance,15000700070531,da_distance,nhd_first_mainstem_levelpath_gnis,mainstem,True,True,True,False,1.1456,14.56,1.1458,1.1456,14.56,Exact NHDPlusID crosswalk to chandeg gis_id.,15000700070531,nhd_first_v1b_gnis,mainstem,True,True,15000700070531,02295194,PEACE RIVER AT BOWLING GREEN FL,15000700070531.0,37.1,15000700070531.0,True,da_distance,1537.73,1.36,1342.3,1342.01,1332.12,179.11,1484.0,1466.0,2028.35,112968.53,1130.6853,14.58,15.43,1.1543,02295194,PEACE RIVER AT BOWLING GREEN FL,15000700070531.0,37.1,15000700070531.0,True,da_distance,1537.73,1.36,1342.3,1342.01,1332.12,179.11,1484.0,1466.0,2028.35,112968.53,1130.6853,14.58,1.1458,15.43,1.1543
02295203,PEACE RIVER AT SH 664A NEAR BOWLING GREEN FL,1590.252699746304,nwis_drain_area_km2,True,False,False,False,False,15000700022334,nhd_first_v1b_gnis,mainstem,Peace River,558,True,1352.06159996,5,558,Peace River,322,318.0,exact_crosswalk,15000700022334,0,True,1352.06159996,1548.0414903,1.1449489360143044,14.494893601430443,mainstem_known_nhd_offset,True,calibration_ready_documented_nhd_offset,322,15000700058609,da_distance,15000700022334,da_distance,nhd_first_mainstem_levelpath_gnis,mainstem,False,False,True,False,1.145,14.5,1.145,1.145,14.5,Exact NHDPlusID crosswalk to chandeg gis_id.,15000700022334,nhd_first_v1b_gnis,mainstem,False,True,15000700058609,02295203,PEACE RIVER AT SH 664A NEAR BOWLING GREEN FL,15000700022334.0,0.8,15000700058609.0,False,da_distance,1548.04,0.21,1352.06,1352.06,1342.18,180.29,1522.0,1504.0,2028.35,737062.61,7371.6261,14.5,15.34,1.1534,02295203,PEACE RIVER AT SH 664A NEAR BOWLING GREEN FL,15000700022334.0,0.8,15000700058609.0,False,da_distance,1548.04,0.21,1352.06,1352.06,1342.18,180.29,1522.0,1504.0,2028.35,737062.61,7371.6261,14.5,1.145,15.34,1.1534
02295420,PAYNE CREEK NEAR BOWLING GREEN FL,313.388561350656,nwis_contrib_drain_area_km2,False,True,False,False,False,15000700094341,nhd_first_v1b_gnis,tributary,Payne Creek,460,False,181.27969986,4,460,Payne Creek,792,754.0,exact_crosswalk,15000700094341,0,True,181.27969986,231.2184641,1.2754790761379629,27.547907613796298,tributary_clean,True,calibration_ready,792,15000700094341,da_distance,15000700094341,da_distance,nhd_first_tributary_local_gnis,tributary,True,True,True,False,1.2755,27.55,1.2755,1.2755,27.55,Exact NHDPlusID crosswalk to chandeg gis_id.,15000700094341,nhd_first_v1b_gnis,tributary,True,True,15000700094341,02295420,PAYNE CREEK NEAR BOWLING GREEN FL,15000700094341.0,71.9,15000700094341.0,True,da_distance,231.22,1.0,181.28,181.28,181.28,15.51,285.0,285.0,312.43,23021.85,231.2185,27.55,27.55,1.2755,02295420,PAYNE CREEK NEAR BOWLING GREEN FL,15000700094341.0,71.9,15000700094341.0,True,da_distance,231.22,1.0,181.28,181.28,181.28,15.51,285.0,285.0,312.43,23021.85,231.2185,27.55,1.2755,27.55,1.2755
02295435,HOG BRANCH NEAR WACHULA FL,13.752836865884158,nwis_drain_area_km2,False,True,False,False,False,15000700058459,nhd_first_v1b_gnis,tributary,Hog Branch,460,False,13.14650001,2,460,Hog Branch,1893,1739.0,exact_crosswalk,15000700058459,0,True,13.14650001,13.7275833,1.044200607732704,4.420060773270396,tributary_clean,True,calibration_ready,1893,15000700070331,da_distance,15000700058459,da_distance,nhd_first_tributary_local_gnis,tributary,False,False,True,False,1.0439,4.39,1.0439,1.0439,4.39,Exact NHDPlusID crosswalk to chandeg gis_id.,15000700058459,nhd_first_v1b_gnis,tributary,False,True,15000700070331,02295435,HOG BRANCH NEAR WACHULA FL,15000700058459.0,97.2,15000700058460.0,False,da_distance,13.73,1.32,13.15,13.15,13.15,0.73,32.0,32.0,2028.35,939.97,10.3997,4.39,4.39,1.0439,02295435,HOG BRANCH NEAR WACHULA FL,15000700058459.0,97.2,15000700058460.0,False,da_distance,13.73,1.32,13.15,13.15,13.15,0.73,32.0,32.0,2028.35,939.97,10.3997,4.39,1.0439,4.39,1.0439
02295440,PEACE RIVER AT STATE HWY 664A NEAR WAUCHULA FL,1952.851035193344,nwis_drain_area_km2,True,False,False,False,False,15000700082634,nhd_first_v1b_gnis,mainstem,Peace River,558,True,1572.43579986,5,558,Peace River,293,289.0,exact_crosswalk,15000700082634,0,True,1572.43579986,1818.9124877,1.156748331386213,15.674833138621278,mainstem_known_nhd_offset,True,calibration_ready_documented_nhd_offset,293,15000700046529,da_distance,15000700082634,da_distance,nhd_first_mainstem_levelpath_gnis,mainstem,False,False,True,False,,,,,,Exact NHDPlusID crosswalk to chandeg gis_id.,15000700082634,nhd_first_v1b_gnis,mainstem,False,True,15000700046529,,,,,,,,,,,,,,,,,,,,,,,,,,,,,,,,,,,,,,,,,,,
02295520,LITTLE CHARLIE CREEK NEAR BOWLING GREEN FL,121.85402973360566,wbd_upstream_hu12_area_sqkm,False,True,False,False,False,15000700083080,nhd_first_v1b_gnis,tributary,Little Charlie Creek,460,False,49.28129994,3,460,Little Charlie Creek,1020,972.0,downstream_replacement,15000700083077,1,True,49.28129994,57.2808111,1.162323460820624,16.232346082062392,tributary_clean,True,calibration_ready,1020,15000700083080,da_distance,15000700083080,da_distance,nhd_first_tributary_local_gnis,tributary,True,True,True,False,,,,,,Mapped at downstream step 1 to NHD 15000700083077 (ref 15000700083080).,15000700083080,nhd_first_v1b_gnis,tributary,True,True,15000700083080,,,,,,,,,,,,,,,,,,,,,,,,,,,,,,,,,,,,,,,,,,,
02295521,LT CHARLIE CR BL PARKER BRANCH NR BOWLING GREEN FL,121.85402973360566,wbd_upstream_hu12_area_sqkm,False,True,False,False,False,15000700071156,nhd_first_v1b_gnis,tributary,Parker Branch,336,False,49.28129994,3,460,Little Charlie Creek,3144,2777.0,exact_crosswalk,15000700071156,0,True,9.39419997,9.4665183,1.0076981893328805,0.7698189332880453,tributary_clean,True,calibration_ready,3144,15000700083080,da_distance,15000700083080,da_distance,nhd_first_tributary_local_gnis,tributary,False,False,True,True,,,,,,Exact NHDPlusID crosswalk to chandeg gis_id.,15000700071156,nhd_first_v1b_gnis,tributary,True,False,15000700083080,,,,,,,,,,,,,,,,,,,,,,,,,,,,,,,,,,,,,,,,,,,
02295580,LITTLE CHARLIE CREEK NEAR MOUTH NEAR WAUCHULA FL,121.85402973360566,wbd_upstream_hu12_area_sqkm,False,True,False,False,False,15000700034312,nhd_first_v1b_gnis,tributary,Little Charlie Creek,460,False,92.49909988,3,460,Little Charlie Creek,686,653.0,downstream_replacement,15000700022326,1,True,92.49909988,110.7188767,1.196972476960713,19.6972476960713,tributary_clean,True,calibration_ready,686,15000700034312,distance_only,15000700034312,distance_only,nhd_first_tributary_local_gnis,tributary,True,True,True,False,,,,,,Mapped at downstream step 1 to NHD 15000700022326 (ref 15000700034312).,15000700034312,nhd_first_v1b_gnis,tributary,True,True,15000700034312,,,,,,,,,,,,,,,,,,,,,,,,,,,,,,,,,,,,,,,,,,,
02295607,PEACE R AT WAUCHULA FL,2092.710393151488,nwis_drain_area_km2,False,False,False,False,False,15000700046526,nhd_first_v1b_levelpath,mainstem,Peace River,558,True,1683.96909977,5,558,Peace River,281,277.0,exact_crosswalk,15000700046526,0,True,1683.96909977,1949.981436,1.1579674688011392,15.796746880113929,mainstem_known_nhd_offset,True,calibration_ready_documented_nhd_offset,281,15000700094470,da_distance,15000700046526,da_distance,nhd_first_mainstem_levelpath_gnis,cumulative,False,False,True,False,1.158,15.8,1.158,1.158,15.8,Exact NHDPlusID crosswalk to chandeg gis_id.,15000700046526,nhd_first_v1b_levelpath,cumulative,False,True,15000700094470,02295607,PEACE R AT WAUCHULA FL,15000700046526.0,58.1,15000700094470.0,False,da_distance,1949.98,0.23,1683.97,1683.97,1673.41,208.06,2300.0,2277.0,2028.35,847718.02,8478.1802,15.8,16.53,1.1653,02295607,PEACE R AT WAUCHULA FL,15000700046526.0,58.1,15000700094470.0,False,da_distance,1949.98,0.23,1683.97,1683.97,1673.41,208.06,2300.0,2277.0,2028.35,847718.02,8478.1802,15.8,1.158,16.53,1.1653
02295637,"PEACE RIVER AT US 17 AT ZOLFO SPRINGS, FL",2139.330179137536,nwis_contrib_drain_area_km2,True,False,False,False,False,15000700022140,nhd_first_v1b_gnis,mainstem,Peace River,558,True,1731.61689974,5,558,Peace River,269,265.0,exact_crosswalk,15000700022140,0,True,1731.61689974,2001.1558674,1.155657390327197,15.565739032719705,mainstem_known_nhd_offset,True,calibration_ready_documented_nhd_offset,269,15000700022140,da_distance,15000700022140,da_distance,nhd_first_mainstem_levelpath_gnis,mainstem,True,True,True,False,1.1557,15.57,1.1557,1.1557,15.57,Exact NHDPlusID crosswalk to chandeg gis_id.,15000700022140,nhd_first_v1b_gnis,mainstem,True,True,15000700022140,02295637,"PEACE RIVER AT US 17 AT ZOLFO SPRINGS, FL",15000700022140.0,84.2,15000700022140.0,True,da_distance,2001.16,1.0,1731.62,1731.62,1721.06,216.22,2442.0,2419.0,2190.9,200015.59,2001.1559,15.57,16.27,1.1627,02295637,"PEACE RIVER AT US 17 AT ZOLFO SPRINGS, FL",15000700022140.0,84.2,15000700022140.0,True,da_distance,2001.16,1.0,1731.62,1731.62,1721.06,216.22,2442.0,2419.0,2190.9,200015.59,2001.1559,15.57,1.1557,16.27,1.1627
02295755,HICKORY CREEK NEAR ONA FL,9.71245541376,nwis_drain_area_km2,False,True,False,False,False,15000700021552,nhd_first_v1b_gnis,tributary,Hickory Creek,460,False,7.62710002,2,460,Hickory Creek,2092,1907.0,exact_crosswalk,15000700021552,0,True,7.62710002,7.6221091,0.9993456333354864,-0.06543666645137308,tributary_clean,True,calibration_ready,2092,15000700081907,da_distance,15000700021552,da_distance,nhd_first_tributary_local_gnis,tributary,False,False,True,False,,,,,,Exact NHDPlusID crosswalk to chandeg gis_id.,15000700021552,nhd_first_v1b_gnis,tributary,False,True,15000700081907,,,,,,,,,,,,,,,,,,,,,,,,,,,,,,,,,,,,,,,,,,,
02295798,PEACE RIVER AT PEACE RIVER RANCH NR BUCHANAN FL,3257.1980523767875,wbd_upstream_hu12_area_sqkm,True,False,False,False,False,15000700069974,nhd_first_v1b_gnis,mainstem,Peace River,558,True,1897.44889973,5,558,Peace River,249,245.0,exact_crosswalk,15000700069974,0,True,1897.44889973,2167.1336771,1.1421301924960272,14.213019249602732,mainstem_known_nhd_offset,True,calibration_ready_documented_nhd_offset,249,15000700069974,da_distance,15000700069974,da_distance,nhd_first_mainstem_levelpath_gnis,mainstem,True,True,True,False,1.1421,14.21,1.1435,1.1421,14.21,Exact NHDPlusID crosswalk to chandeg gis_id.,15000700069974,nhd_first_v1b_gnis,mainstem,True,True,15000700069974,02295798,PEACE RIVER AT PEACE RIVER RANCH NR BUCHANAN FL,15000700069974.0,83.0,15000700069974.0,True,da_distance,2167.13,1.69,1897.45,1895.25,1884.56,243.78,2830.0,2805.0,3257.2,128132.76,1282.3276,14.35,14.99,1.1499,02295798,PEACE RIVER AT PEACE RIVER RANCH NR BUCHANAN FL,15000700069974.0,83.0,15000700069974.0,True,da_distance,2167.13,1.69,1897.45,1895.25,1884.56,243.78,2830.0,2805.0,3257.2,128132.76,1282.3276,14.35,1.1435,14.99,1.1499
02295850,OAK CREEK NEAR ONA FL,38.84982165504,nwis_drain_area_km2,False,True,False,False,False,15000700009626,nhd_first_v1b_gnis,tributary,Oak Creek,460,False,58.98210004,3,460,Oak Creek,922,876.0,exact_crosswalk,15000700009626,0,True,58.98210004,60.187317400000005,1.02043361221765,2.0433612217650126,tributary_clean,True,calibration_ready,922,15000700069741,da_distance,15000700009626,da_distance,nhd_first_tributary_local_gnis,tributary,False,False,True,False,1.0205,2.05,1.1375,1.0205,2.05,Exact NHDPlusID crosswalk to chandeg gis_id.,15000700009626,nhd_first_v1b_gnis,tributary,False,True,15000700069741,02295850,OAK CREEK NEAR ONA FL,15000700009626.0,140.0,15000700009626.0,True,da_distance,60.19,4.32,58.98,52.91,52.83,20.57,114.0,113.0,58.1,1293.22,13.9322,13.75,13.93,1.1393,02295850,OAK CREEK NEAR ONA FL,15000700009626.0,140.0,15000700009626.0,True,da_distance,60.19,4.32,58.98,52.91,52.83,20.57,114.0,113.0,58.1,1293.22,13.9322,13.75,1.1375,13.93,1.1393
02296057,BUCKHORN CREEK NEAR GRIFFINS CORNER FL,45.32479193088,nwis_drain_area_km2,False,True,False,False,False,15000700023237,nhd_first_v1b_gnis,tributary,Buckhorn Creek,460,False,44.01000001,3,460,Buckhorn Creek,1033,985.0,exact_crosswalk,15000700023237,0,True,44.01000001,41.4236007,0.9412315539783612,-5.876844602163856,tributary_clean,True,calibration_ready,1033,15000700023237,da_distance,15000700023237,da_distance,nhd_first_tributary_local_gnis,tributary,True,True,True,False,0.9412,5.88,0.9991,0.9412,5.88,Exact NHDPlusID crosswalk to chandeg gis_id.,15000700023237,nhd_first_v1b_gnis,tributary,True,True,15000700023237,02296057,BUCKHORN CREEK NEAR GRIFFINS CORNER FL,15000700023237.0,98.3,15000700023237.0,True,da_distance,41.42,0.57,44.01,41.46,40.97,4.4,167.0,164.0,47.12,7167.3,72.673,0.09,1.11,1.0111,02296057,BUCKHORN CREEK NEAR GRIFFINS CORNER FL,15000700023237.0,98.3,15000700023237.0,True,da_distance,41.42,0.57,44.01,41.46,40.97,4.4,167.0,164.0,47.12,7167.3,72.673,0.09,0.9991,1.11,1.0111
02296180,LITTLE CHARLEY BOWLEGS CREEK NEAR CREWSVILLE FL,54.9077479391232,nwis_drain_area_km2,False,True,False,False,False,15000700023946,nhd_first_v1b_levelpath,tributary,,460,False,37.93820003,2,460,,2548,2277.0,exact_crosswalk,15000700023946,0,True,37.93820003,46.2849815,1.220009949428273,22.000994942827294,tributary_clean,True,calibration_ready,2548,15000700072137,da_distance,15000700023946,da_distance,nhd_first_tributary_local_gnis,tributary,False,False,True,False,,,,,,Exact NHDPlusID crosswalk to chandeg gis_id.,15000700023946,nhd_first_v1b_levelpath,tributary,False,True,15000700072137,,,,,,,,,,,,,,,,,,,,,,,,,,,,,,,,,,,,,,,,,,,
02296191,"L CHARLEY BOWLEGS C AT SFL RD, NEAR SEBRING FL",79.2536361762816,nwis_drain_area_km2,False,False,False,False,False,15000700096048,nhd_first_v1b_levelpath,mainstem,,460,False,80.99430002,3,460,,1938,1778.0,exact_crosswalk,15000700096048,0,True,80.99430002,89.29131520000001,1.1024394948527394,10.243949485273935,mainstem_known_nhd_offset,True,calibration_ready_documented_nhd_offset,1938,15000700096048,da_distance,15000700096048,da_distance,nhd_first_mainstem_levelpath_gnis,cumulative,True,True,True,False,1.1025,10.25,1.1025,1.1025,10.25,Exact NHDPlusID crosswalk to chandeg gis_id.,15000700096048,nhd_first_v1b_levelpath,cumulative,True,True,15000700096048,02296191,"L CHARLEY BOWLEGS C AT SFL RD, NEAR SEBRING FL",15000700096048.0,149.7,15000700072094.0,False,da_distance,89.29,6.93,80.99,80.99,78.41,29.02,62.0,61.0,94.62,1188.47,12.8847,10.25,13.88,1.1388,02296191,"L CHARLEY BOWLEGS C AT SFL RD, NEAR SEBRING FL",15000700096048.0,149.7,15000700072094.0,False,da_distance,89.29,6.93,80.99,80.99,78.41,29.02,62.0,61.0,94.62,1188.47,12.8847,10.25,1.1025,13.88,1.1388
02296207,L CHARLEY BOWLEGS CR AT COTT RD NEAR SEBRING FL,98.6785470038016,nwis_drain_area_km2,False,True,False,False,False,15000700072094,nhd_first_v1b_levelpath,tributary,,460,False,86.57369999,3,460,,1881,1729.0,exact_crosswalk,15000700072094,0,True,86.57369999,94.8680045,1.0958062842521237,9.580628425212353,tributary_clean,True,calibration_ready,1881,15000700072094,distance_only,15000700072094,distance_only,nhd_first_tributary_local_gnis,tributary,True,True,True,False,1.0959,9.59,1.0959,1.0959,9.59,Exact NHDPlusID crosswalk to chandeg gis_id.,15000700072094,nhd_first_v1b_levelpath,tributary,True,True,15000700072094,02296207,L CHARLEY BOWLEGS CR AT COTT RD NEAR SEBRING FL,15000700072094.0,105.5,15000700072094.0,True,distance_only,94.87,5.58,86.57,86.57,83.99,29.02,63.0,62.0,94.62,1600.14,17.0014,9.59,12.95,1.1295,02296207,L CHARLEY BOWLEGS CR AT COTT RD NEAR SEBRING FL,15000700072094.0,105.5,15000700072094.0,True,distance_only,94.87,5.58,86.57,86.57,83.99,29.02,63.0,62.0,94.62,1600.14,17.0014,9.59,1.0959,12.95,1.1295
02296222,LITTLE CHARLEY BOWLEGS C AB CT NEAR SEBRING FL,108.5205018230784,nwis_drain_area_km2,False,False,False,False,False,15000700084216,nhd_first_v1b_levelpath,mainstem,,460,False,95.57879997,3,460,,1725,1592.0,exact_crosswalk,15000700084216,0,True,95.57879997,103.860065,1.0866433250113967,8.664332501139688,mainstem_known_nhd_offset,True,calibration_ready_documented_nhd_offset,1725,15000700084216,da_distance,15000700084216,da_distance,nhd_first_mainstem_levelpath_gnis,cumulative,True,True,True,False,1.0866,8.66,1.0866,1.0866,8.66,Exact NHDPlusID crosswalk to chandeg gis_id.,15000700084216,nhd_first_v1b_levelpath,cumulative,True,True,15000700084216,02296222,LITTLE CHARLEY BOWLEGS C AB CT NEAR SEBRING FL,15000700084216.0,73.6,15000700084216.0,True,da_distance,103.86,8.99,95.58,95.58,92.99,29.02,65.0,64.0,168.95,1055.28,11.5528,8.66,11.69,1.1169,02296222,LITTLE CHARLEY BOWLEGS C AB CT NEAR SEBRING FL,15000700084216.0,73.6,15000700084216.0,True,da_distance,103.86,8.99,95.58,95.58,92.99,29.02,65.0,64.0,168.95,1055.28,11.5528,8.66,1.0866,11.69,1.1169
02296223,LITTLE CHARLEY BOWLEGS CREEK NEAR SEBRING FL,108.5205018230784,nwis_drain_area_km2,False,True,False,False,False,15000700084216,nhd_first_v1b_levelpath,tributary,,460,False,95.57879997,3,460,,1725,1592.0,exact_crosswalk,15000700084216,0,True,95.57879997,103.860065,1.0866433250113967,8.664332501139688,tributary_clean,True,calibration_ready,1725,15000700084216,da_distance,15000700084216,da_distance,nhd_first_tributary_local_gnis,tributary,True,True,True,False,1.0866,8.66,1.0866,1.0866,8.66,Exact NHDPlusID crosswalk to chandeg gis_id.,15000700084216,nhd_first_v1b_levelpath,tributary,True,True,15000700084216,02296223,LITTLE CHARLEY BOWLEGS CREEK NEAR SEBRING FL,15000700084216.0,73.6,15000700084216.0,True,da_distance,103.86,8.99,95.58,95.58,92.99,29.02,65.0,64.0,168.95,1055.28,11.5528,8.66,11.69,1.1169,02296223,LITTLE CHARLEY BOWLEGS CREEK NEAR SEBRING FL,15000700084216.0,73.6,15000700084216.0,True,da_distance,103.86,8.99,95.58,95.58,92.99,29.02,65.0,64.0,168.95,1055.28,11.5528,8.66,1.0866,11.69,1.1169
02296260,CHARLIE CREEK NEAR CREWSVILLE FL,497.277717184512,nwis_drain_area_km2,False,True,False,False,False,15000700059498,nhd_first_v1b_gnis,tributary,Charlie Creek,460,False,468.68939998,5,460,Charlie Creek,650,617.0,exact_crosswalk,15000700059498,0,True,468.68939998,492.2915472,1.0503577576557248,5.035775765572501,tributary_clean,True,calibration_ready,650,15000700059561,da_distance,15000700059498,da_distance,nhd_first_tributary_local_gnis,tributary,False,False,True,False,,,,,,Exact NHDPlusID crosswalk to chandeg gis_id.,15000700059498,nhd_first_v1b_gnis,tributary,False,True,15000700059561,,,,,,,,,,,,,,,,,,,,,,,,,,,,,,,,,,,,,,,,,,,
02296389,OAK CREEK NEAR GARDNER FL,168.60822598287356,nwis_drain_area_km2,False,True,False,False,False,15000700095014,nhd_first_v1b_gnis,tributary,Oak Creek,460,False,140.644,4,460,Oak Creek,598,565.0,downstream_replacement,15000700094861,2,True,140.644,732.1145376999999,5.205444510252836,420.54445102528365,tributary_clean,True,calibration_ready,598,15000700095014,da_distance,15000700095014,da_distance,nhd_first_tributary_local_gnis,tributary,True,True,True,False,,,,,,Mapped at downstream step 2 to NHD 15000700094861 (ref 15000700095014).,15000700095014,nhd_first_v1b_gnis,tributary,True,True,15000700095014,,,,,,,,,,,,,,,,,,,,,,,,,,,,,,,,,,,,,,,,,,,
02296500,CHARLIE CREEK NEAR GARDNER FL,854.69607641088,nwis_contrib_drain_area_km2,False,True,False,False,False,15000700034124,nhd_first_v1b_gnis,tributary,Charlie Creek,460,False,805.45660007,5,460,Charlie Creek,532,502.0,exact_crosswalk,15000700034124,0,True,805.45660007,870.0241886,1.0801627158116136,8.016271581161364,tributary_clean,True,calibration_ready,532,15000700034124,da_distance,15000700034124,da_distance,nhd_first_tributary_local_gnis,tributary,True,True,True,False,,,,,,Exact NHDPlusID crosswalk to chandeg gis_id.,15000700034124,nhd_first_v1b_gnis,tributary,True,True,15000700034124,,,,,,,,,,,,,,,,,,,,,,,,,,,,,,,,,,,,,,,,,,,
02296525,PEACE RIVER BELOW CHARLIE CREEK NEAR GARDNER FL,3257.1980523767875,wbd_upstream_hu12_area_sqkm,True,True,False,False,False,15000700058438,nhd_first_v1b_gnis,mainstem,Peace River,558,True,2873.30059969,6,558,Peace River,242,238.0,exact_crosswalk,15000700058438,0,True,2873.30059969,3228.5101094,1.1236242075570944,12.362420755709428,mainstem_known_nhd_offset,True,calibration_ready_documented_nhd_offset,242,15000700010017,da_distance,15000700058438,da_distance,nhd_first_mainstem_levelpath_gnis,mainstem,False,False,True,False,1.1236,12.36,1.1236,1.1236,12.36,Exact NHDPlusID crosswalk to chandeg gis_id.,15000700058438,nhd_first_v1b_gnis,mainstem,False,True,15000700010017,02296525,PEACE RIVER BELOW CHARLIE CREEK NEAR GARDNER FL,15000700058438.0,139.2,15000700010017.0,False,da_distance,3228.51,1.1,2873.3,2873.3,2850.82,435.15,4582.0,4535.0,3257.2,293400.92,2935.0092,12.36,13.25,1.1325,02296525,PEACE RIVER BELOW CHARLIE CREEK NEAR GARDNER FL,15000700058438.0,139.2,15000700010017.0,False,da_distance,3228.51,1.1,2873.3,2873.3,2850.82,435.15,4582.0,4535.0,3257.2,293400.92,2935.0092,12.36,1.1236,13.25,1.1325
02296750,"PEACE RIVER AT SR 70 AT ARCADIA, FL",3540.513746829312,nwis_contrib_drain_area_km2,True,False,False,False,False,15000700033482,nhd_first_v1b_gnis,mainstem,Peace River,558,True,3036.01379949,6,558,Peace River,220,216.0,lake_outlet_replacement,15000700033473,2,True,3036.01379949,3415.8747352,1.1251183165813707,12.511831658137067,lake_outlet_review,False,lake_outlet_manual_review,220,15000700033482,da_distance,15000700033482,da_distance,nhd_first_mainstem_levelpath_gnis,mainstem,True,True,True,False,,,,,,Mapped at downstream step 2 to NHD 15000700033473 (ref 15000700033482).,15000700033482,nhd_first_v1b_gnis,mainstem,True,True,15000700033482,,,,,,,,,,,,,,,,,,,,,,,,,,,,,,,,,,,,,,,,,,,
02297000,10D JOSHUA CREEK NEAR ARCADIA FL,332.46068211037607,wbd_upstream_hu12_area_sqkm,False,True,False,False,False,15000700046304,nhd_first_v1b_gnis,tributary,Joshua Creek,460,False,172.9473999,4,460,Joshua Creek,769,732.0,exact_crosswalk,15000700046304,0,True,172.9473999,183.1886734,1.059216117188935,5.921611718893501,tributary_clean,True,calibration_ready,769,15000700082207,da_distance,15000700046304,da_distance,nhd_first_tributary_local_gnis,tributary,False,False,True,False,,,,,,Exact NHDPlusID crosswalk to chandeg gis_id.,15000700046304,nhd_first_v1b_gnis,tributary,False,True,15000700082207,,,,,,,,,,,,,,,,,,,,,,,,,,,,,,,,,,,,,,,,,,,
02297100,JOSHUA CREEK AT NOCATEE FL,341.878430564352,nwis_contrib_drain_area_km2,False,True,False,False,False,15000700021498,nhd_first_v1b_gnis,tributary,Joshua Creek,460,False,289.74049981,4,460,Joshua Creek,625,592.0,exact_crosswalk,15000700021498,0,True,289.74049981,312.1234673,1.0772517735859428,7.725177358594271,tributary_clean,True,calibration_ready,625,15000700021498,da_distance,15000700021498,da_distance,nhd_first_tributary_local_gnis,tributary,True,True,True,False,1.0773,7.73,1.0773,1.0773,7.73,Exact NHDPlusID crosswalk to chandeg gis_id.,15000700021498,nhd_first_v1b_gnis,tributary,True,True,15000700021498,02297100,JOSHUA CREEK AT NOCATEE FL,15000700021498.0,12.8,15000700021498.0,True,da_distance,312.12,1.57,289.74,289.74,289.19,17.05,315.0,313.0,332.46,19780.48,198.8048,7.73,7.93,1.0793,02297100,JOSHUA CREEK AT NOCATEE FL,15000700021498.0,12.8,15000700021498.0,True,da_distance,312.12,1.57,289.74,289.74,289.19,17.05,315.0,313.0,332.46,19780.48,198.8048,7.73,1.0773,7.93,1.0793
02297105,PEACE RIVER AT NOCATEE FL,4325.28014426112,nwis_drain_area_km2,True,False,False,False,False,15000700021293,nhd_first_v1b_gnis,mainstem,Peace River,558,True,3071.17599959,6,558,Peace River,214,210.0,lake_outlet_replacement,15000700069535,1,True,3071.17599959,3754.9390715,1.222638843231805,22.26388432318049,lake_outlet_review,False,lake_outlet_manual_review,214,15000700009401,da_distance,15000700021293,da_distance,nhd_first_mainstem_levelpath_gnis,mainstem,False,False,True,False,,,,,,Mapped at downstream step 1 to NHD 15000700069535 (ref 15000700021293).,15000700021293,nhd_first_v1b_gnis,mainstem,False,True,15000700009401,,,,,,,,,,,,,,,,,,,,,,,,,,,,,,,,,,,,,,,,,,,
02297153,WEST FORK HORSE CREEK NEAR MYAKKA HEAD FL,34.964839489536,nwis_contrib_drain_area_km2,False,True,False,False,False,15000700020086,nhd_first_v1b_gnis,tributary,Horse Creek,460,False,23.84070001,2,460,West Fork Horse Creek,632,599.0,exact_crosswalk,15000700020086,0,True,59.19119988,87.71854219999999,1.4819524249860498,48.195242498605,tributary_clean,True,calibration_ready,632,15000700080459,da_distance,15000700056023,da_distance,nhd_first_tributary_local_gnis,tributary,False,False,True,True,1.482,48.2,1.482,1.482,48.2,Exact NHDPlusID crosswalk to chandeg gis_id.,15000700020086,nhd_first_v1b_gnis,tributary,False,False,15000700080459,02297153,WEST FORK HORSE CREEK NEAR MYAKKA HEAD FL,15000700020086.0,36.5,15000700020085.0,False,da_distance,87.72,0.19,59.19,59.19,59.1,2.34,187.0,184.0,100.5,46067.65,461.6765,48.2,48.42,1.4842,02297153,WEST FORK HORSE CREEK NEAR MYAKKA HEAD FL,15000700020086.0,36.5,15000700020085.0,False,da_distance,87.72,0.19,59.19,59.19,59.1,2.34,187.0,184.0,100.5,46067.65,461.6765,48.2,1.482,48.42,1.4842
02297155,HORSE CREEK NEAR MYAKKA HEAD FL,108.779500634112,nwis_contrib_drain_area_km2,False,True,False,False,False,15000700056297,nhd_first_v1b_gnis,tributary,Horse Creek,460,False,89.1130999,3,460,Horse Creek,603,570.0,exact_crosswalk,15000700056297,0,True,89.1130999,125.5828044,1.4092518893510066,40.92518893510067,tributary_clean,True,calibration_ready,603,15000700056297,da_distance,15000700056297,da_distance,nhd_first_tributary_local_gnis,tributary,True,True,True,False,1.4093,40.93,1.4093,1.4093,40.93,Exact NHDPlusID crosswalk to chandeg gis_id.,15000700056297,nhd_first_v1b_gnis,tributary,True,True,15000700056297,02297155,HORSE CREEK NEAR MYAKKA HEAD FL,15000700056297.0,115.1,15000700056297.0,True,da_distance,125.58,3.31,89.11,89.11,89.02,3.21,216.0,213.0,300.91,3694.04,37.9404,40.93,41.07,1.4107,02297155,HORSE CREEK NEAR MYAKKA HEAD FL,15000700056297.0,115.1,15000700056297.0,True,da_distance,125.58,3.31,89.11,89.11,89.02,3.21,216.0,213.0,300.91,3694.04,37.9404,40.93,1.4093,41.07,1.4107
02297220,BRUSHY CREEK NEAR LILLY FL,123.80143167406078,nwis_drain_area_km2,False,True,False,False,False,15000700068795,nhd_first_v1b_gnis,tributary,Brushy Creek,460,False,97.07680005,4,460,Brushy Creek,903,857.0,downstream_replacement,15000700008579,1,True,97.07680005,101.4352601,1.0448970304723182,4.48970304723182,tributary_clean,True,calibration_ready,903,15000700008579,da_distance,15000700068795,da_distance,nhd_first_tributary_local_gnis,tributary,False,False,True,False,1.0307,3.07,1.1233,1.0307,3.07,Mapped at downstream step 1 to NHD 15000700008579 (ref 15000700068795).,15000700068795,nhd_first_v1b_gnis,tributary,False,True,15000700008579,02297220,BRUSHY CREEK NEAR LILLY FL,15000700008579.0,58.1,15000700008579.0,True,da_distance,101.44,0.92,98.41,90.3,83.83,31.99,191.0,186.0,224.36,10925.57,110.2557,12.33,21.0,1.21,02297220,BRUSHY CREEK NEAR LILLY FL,15000700008579.0,58.1,15000700008579.0,True,da_distance,101.44,0.92,98.41,90.3,83.83,31.99,191.0,186.0,224.36,10925.57,110.2557,12.33,1.1233,21.0,1.21
02297251,HORSE CREEK NEAR LIMESTONE FL,336.69845434368,nwis_drain_area_km2,False,True,False,False,False,15000700020669,nhd_first_v1b_gnis,tributary,Horse Creek,460,False,287.27850015,5,460,Horse Creek,499,469.0,exact_crosswalk,15000700020669,0,True,287.27850015,327.86025240000004,1.141262754535444,14.126275453544421,tributary_clean,True,calibration_ready,499,15000700008841,da_distance,15000700020669,da_distance,nhd_first_tributary_local_gnis,tributary,False,False,True,False,,,,,,Exact NHDPlusID crosswalk to chandeg gis_id.,15000700020669,nhd_first_v1b_gnis,tributary,False,True,15000700008841,,,,,,,,,,,,,,,,,,,,,,,,,,,,,,,,,,,,,,,,,,,
02297272,BRANDY BRANCH AT PINE LEVEL FL,39.1088204660736,nwis_drain_area_km2,False,True,False,False,False,15000700020494,nhd_first_v1b_tiebreak,tributary,,334,False,37.63250001,2,460,Brandy Branch,1279,1208.0,downstream_replacement,15000700068778,2,True,0.08570001,41.3864771,482.9226636029564,48192.26636029565,tributary_clean,True,calibration_ready,1279,15000700044733,da_distance,15000700056742,da_distance,nhd_first_tributary_local_gnis,tributary,False,False,True,True,,,,,,Mapped at downstream step 2 to NHD 15000700068778 (ref 15000700020494).,15000700020494,nhd_first_v1b_tiebreak,tributary,False,False,15000700044733,,,,,,,,,,,,,,,,,,,,,,,,,,,,,,,,,,,,,,,,,,,
02297290,BUZZARD ROOST BRANCH NEAR PINE LEVEL FL,74.33265876664319,nwis_drain_area_km2,False,True,False,False,False,15000700068465,nhd_first_v1b_gnis,tributary,Buzzard Roost Branch,460,False,72.52869992,4,460,Buzzard Roost Branch,945,898.0,exact_crosswalk,15000700068465,0,True,72.52869992,74.06611149999999,1.021197285787499,2.1197285787499016,tributary_clean,True,calibration_ready,945,15000700092772,da_distance,15000700068465,da_distance,nhd_first_tributary_local_gnis,tributary,False,False,True,False,,,,,,Exact NHDPlusID crosswalk to chandeg gis_id.,15000700068465,nhd_first_v1b_gnis,tributary,False,True,15000700092772,,,,,,,,,,,,,,,,,,,,,,,,,,,,,,,,,,,,,,,,,,,
02297310,"HORSE CREEK AT SR 72 NEAR ARCADIA, FL",564.6174080532479,nwis_contrib_drain_area_km2,False,True,False,False,False,15000700008553,nhd_first_v1b_tiebreak,tributary,,460,False,516.23729985,5,460,Horse Creek,1307,1235.0,exact_crosswalk,15000700008553,0,True,23.33289992,23.7228866,1.0167140253177755,1.6714025317775412,tributary_clean,True,calibration_ready,1307,15000700092763,da_distance,15000700092763,da_distance,nhd_first_tributary_local_gnis,tributary,False,False,True,True,,,,,,Exact NHDPlusID crosswalk to chandeg gis_id.,15000700008553,nhd_first_v1b_tiebreak,tributary,True,False,15000700092763,,,,,,,,,,,,,,,,,,,,,,,,,,,,,,,,,,,,,,,,,,,
02297345,PEACE RIVER AT PLATT FL,4599.151207517376,wbd_upstream_hu12_area_sqkm,True,False,False,False,False,15000700008331,nhd_first_v1b_gnis,mainstem,Peace River,558,True,4007.49659929,6,558,Peace River,183,179.0,exact_crosswalk,15000700008331,0,True,4007.49659929,4463.273679,1.1137311207677003,11.37311207677004,mainstem_known_nhd_offset,True,calibration_ready_documented_nhd_offset,183,15000700008330,da_distance,15000700008331,da_distance,nhd_first_mainstem_levelpath_gnis,mainstem,False,False,True,False,,,,,,Exact NHDPlusID crosswalk to chandeg gis_id.,15000700008331,nhd_first_v1b_gnis,mainstem,False,True,15000700008330,,,,,,,,,,,,,,,,,,,,,,,,,,,,,,,,,,,,,,,,,,,
02297350,PEACE RIVER NR PEACE RIVER HEIGHTS NR FT. OGDEN FL,4610.17883639808,nwis_drain_area_km2,True,False,False,False,False,15000700080628,nhd_first_v1b_gnis,mainstem,Peace River,558,True,4013.29919928,6,558,Peace River,166,162.0,exact_crosswalk,15000700080628,0,True,4013.29919928,4468.1875762,1.1133452439832068,11.334524398320681,mainstem_known_nhd_offset,True,calibration_ready_documented_nhd_offset,166,15000700020270,da_distance,15000700080628,da_distance,nhd_first_mainstem_levelpath_gnis,mainstem,False,False,True,False,1.1133,11.33,1.1137,1.1133,11.33,Exact NHDPlusID crosswalk to chandeg gis_id.,15000700080628,nhd_first_v1b_gnis,mainstem,False,True,15000700020270,02297350,PEACE RIVER NR PEACE RIVER HEIGHTS NR FT. OGDEN FL,15000700080628.0,49.7,15000700020270.0,False,da_distance,4468.19,0.36,4013.3,4012.03,3976.15,583.44,6824.0,6745.0,4599.15,1241063.22,12411.6322,11.37,12.37,1.1237,02297350,PEACE RIVER NR PEACE RIVER HEIGHTS NR FT. OGDEN FL,15000700080628.0,49.7,15000700020270.0,False,da_distance,4468.19,0.36,4013.3,4012.03,3976.15,583.44,6824.0,6745.0,4599.15,1241063.22,12411.6322,11.37,1.1137,12.37,1.1237
02297460,PEACE RIVER AT HARBOUR HEIGHTS FL,4843.27776632832,nwis_drain_area_km2,True,False,False,False,False,15000700068714,nhd_first_v1b_gnis,mainstem,Peace River,558,True,4130.56349937,6,558,Peace River,59,59.0,exact_crosswalk,15000700068714,0,True,4130.56349937,4595.748796899999,1.1126202992886929,11.262029928869286,mainstem_known_nhd_offset,True,calibration_ready_documented_nhd_offset,59,15000700008493,da_distance,15000700068714,da_distance,nhd_first_mainstem_levelpath_gnis,mainstem,False,False,True,False,,,,,,Exact NHDPlusID crosswalk to chandeg gis_id.,15000700068714,nhd_first_v1b_gnis,mainstem,False,True,15000700008493,,,,,,,,,,,,,,,,,,,,,,,,,,,,,,,,,,,,,,,,,,,
02297600,SHELL CREEK AT CIRCLE K GROVES NEAR FT OGDEN FL,198.1594209755774,wbd_upstream_hu12_area_sqkm,False,True,False,False,False,15000700021819,nhd_first_v1b_gnis,tributary,Shell Creek,460,False,153.71659989,2,460,Shell Creek,2718,2418.0,exact_crosswalk,15000700021819,0,True,153.71659989,165.60747909999998,1.0773558562868886,7.73558562868885,tributary_clean,True,calibration_ready,2718,15000700021819,da_distance,15000700021819,da_distance,nhd_first_tributary_local_gnis,tributary,True,True,True,False,1.0773,7.73,1.0773,1.0773,7.73,Exact NHDPlusID crosswalk to chandeg gis_id.,15000700021819,nhd_first_v1b_gnis,tributary,True,True,15000700021819,02297600,SHELL CREEK AT CIRCLE K GROVES NEAR FT OGDEN FL,15000700021819.0,50.2,15000700021819.0,True,da_distance,165.61,2.36,153.72,153.72,153.72,0.19,19.0,19.0,198.16,6917.27,70.1727,7.73,7.73,1.0773,02297600,SHELL CREEK AT CIRCLE K GROVES NEAR FT OGDEN FL,15000700021819.0,50.2,15000700021819.0,True,da_distance,165.61,2.36,153.72,153.72,153.72,0.19,19.0,19.0,198.16,6917.27,70.1727,7.73,1.0773,7.73,1.0773
02297635,SHELL CREEK ON CR 764 NEAR PUNTA GORDA FL,233.3579287412736,nwis_drain_area_km2,False,True,False,False,False,15000700093511,nhd_first_v1b_gnis,tributary,Shell Creek,558,True,202.58810002,3,558,Shell Creek,1863,1715.0,exact_crosswalk,15000700093511,0,True,202.58810002,221.5708551,1.0937012345647448,9.370123456474468,tributary_clean,True,calibration_ready,1863,15000700093511,da_distance,15000700093511,da_distance,nhd_first_tributary_local_gnis,tributary,True,True,True,False,1.0937,9.37,1.0937,1.0937,9.37,Exact NHDPlusID crosswalk to chandeg gis_id.,15000700093511,nhd_first_v1b_gnis,tributary,True,True,15000700093511,02297635,SHELL CREEK ON CR 764 NEAR PUNTA GORDA FL,15000700093511.0,7.2,15000700093511.0,True,da_distance,221.57,4.17,202.59,202.59,202.59,3.4,53.0,53.0,247.11,5213.45,53.1345,9.37,9.37,1.0937,02297635,SHELL CREEK ON CR 764 NEAR PUNTA GORDA FL,15000700093511.0,7.2,15000700093511.0,True,da_distance,221.57,4.17,202.59,202.59,202.59,3.4,53.0,53.0,247.11,5213.45,53.1345,9.37,1.0937,9.37,1.0937
02297733,MOSSY GULLY TRIB AT ST HWY 70 NEAR ARCADIA FL,17.19752105263104,nwis_drain_area_km2,False,False,False,False,False,15000700083497,nhd_first_v1b_global_closest,mainstem,,558,True,0.3107,1,558,,7776,6789.0,exact_crosswalk,15000700083497,0,True,0.3107,0.3015161,0.970441261667203,-2.9558738332796803,mainstem_clean,True,calibration_ready,7776,15000700083497,global_closest,15000700083497,global_closest,global_closest,cumulative,True,True,True,False,0.9726,2.74,0.9726,0.9726,2.74,Exact NHDPlusID crosswalk to chandeg gis_id.,15000700083497,nhd_first_v1b_global_closest,cumulative,True,True,15000700083497,02297733,MOSSY GULLY TRIB AT ST HWY 70 NEAR ARCADIA FL,15000700083497.0,0.4,15000700083497.0,True,global_closest,0.3,0.31,0.31,0.31,0.31,0.07,1.0,1.0,639.85,2.74,0.9726,2.74,2.74,0.9726,02297733,MOSSY GULLY TRIB AT ST HWY 70 NEAR ARCADIA FL,15000700083497.0,0.4,15000700083497.0,True,global_closest,0.3,0.31,0.31,0.31,0.31,0.07,1.0,1.0,639.85,2.74,0.9726,2.74,0.9726,2.74,0.9726
02297875,COW SLOUGH NEAR ARCADIA FL,37.2958287888384,nwis_drain_area_km2,False,False,False,False,False,15000700011914,nhd_first_v1b_levelpath,mainstem,,336,False,66.77250001,1,336,,9192,7982.0,exact_crosswalk,15000700011914,0,True,66.77250001,67.03798,1.003975888127002,0.39758881270020446,mainstem_clean,True,calibration_ready,9192,15000700011914,da_distance,15000700011914,da_distance,nhd_first_mainstem_levelpath_gnis,cumulative,True,True,True,False,,,,,,Exact NHDPlusID crosswalk to chandeg gis_id.,15000700011914,nhd_first_v1b_levelpath,cumulative,True,True,15000700011914,,,,,,,,,,,,,,,,,,,,,,,,,,,,,,,,,,,,,,,,,,,
02298110,PRAIRIE CREEK UPSTREAM OF SR 31 NEAR FT OGDEN FL,639.845180240423,wbd_upstream_hu12_area_sqkm,False,True,False,False,False,15000700046866,nhd_first_v1b_gnis,tributary,Prairie Creek,460,False,409.66009999,4,336,,933,887.0,exact_crosswalk,15000700046866,0,True,152.57199992,161.1263888,1.056067881947444,5.606788194744406,tributary_clean,True,calibration_ready,933,15000700022570,da_distance,15000700082986,da_distance,nhd_first_tributary_local_gnis,tributary,False,False,True,True,,,,,,Exact NHDPlusID crosswalk to chandeg gis_id.,15000700046866,nhd_first_v1b_gnis,tributary,False,False,15000700022570,,,,,,,,,,,,,,,,,,,,,,,,,,,,,,,,,,,,,,,,,,,
02298123,PRAIRIE CREEK NEAR FORT OGDEN FL,603.467229708288,nwis_contrib_drain_area_km2,False,True,False,False,False,15000700010471,nhd_first_v1b_gnis,tributary,Prairie Creek,460,False,5.800400000000001,1,460,,775,738.0,exact_crosswalk,15000700010471,0,True,197.6494999,206.1826697,1.0431732425547109,4.3173242554710844,tributary_clean,True,calibration_ready,775,15000700046577,da_distance,15000700070438,da_distance,nhd_first_tributary_local_gnis,tributary,False,False,True,True,,,,,,Exact NHDPlusID crosswalk to chandeg gis_id.,15000700010471,nhd_first_v1b_gnis,tributary,False,False,15000700046577,,,,,,,,,,,,,,,,,,,,,,,,,,,,,,,,,,,,,,,,,,,
02298124,PRAIRIE CREEK DOWNSTREAM NEAR FT OGDEN FL,631.957098921984,nwis_drain_area_km2,False,True,False,False,False,15000700058521,nhd_first_v1b_gnis,tributary,Prairie Creek,460,False,626.38689987,4,460,Prairie Creek,679,646.0,exact_crosswalk,15000700058521,0,True,626.38689987,651.3725161,1.0398884718616968,3.9888471861696835,tributary_clean,True,calibration_ready,679,15000700058521,da_distance,15000700058521,da_distance,nhd_first_tributary_local_gnis,tributary,True,True,True,False,,,,,,Exact NHDPlusID crosswalk to chandeg gis_id.,15000700058521,nhd_first_v1b_gnis,tributary,True,True,15000700058521,,,,,,,,,,,,,,,,,,,,,,,,,,,,,,,,,,,,,,,,,,,
02298170,PRAIRIE CREEK ON CR 764 NEAR PUNTA GORDA FL,673.39690868736,nwis_drain_area_km2,False,True,False,False,False,15000700033666,nhd_first_v1b_gnis,tributary,Prairie Creek,460,False,692.46139982,4,460,Prairie Creek,536,506.0,exact_crosswalk,15000700033666,0,True,692.46139982,720.8425447,1.0409858872817712,4.098588728177112,tributary_clean,True,calibration_ready,536,15000700033666,da_distance,15000700033666,da_distance,nhd_first_tributary_local_gnis,tributary,True,True,True,False,,,,,,Exact NHDPlusID crosswalk to chandeg gis_id.,15000700033666,nhd_first_v1b_gnis,tributary,True,True,15000700033666,,,,,,,,,,,,,,,,,,,,,,,,,,,,,,,,,,,,,,,,,,,
02298202,SHELL CREEK NEAR PUNTA GORDA FL,966.065565155328,nwis_drain_area_km2,False,True,False,False,False,15000700057519,nhd_first_v1b_gnis,tributary,Shell Creek,558,True,929.89559983,4,558,Shell Creek,450,428.0,exact_crosswalk,15000700057519,0,True,929.89559983,977.2443922,1.0509183959776305,5.091839597763027,tributary_clean,True,calibration_ready,450,15000700057519,da_distance,15000700057519,da_distance,nhd_first_tributary_local_gnis,tributary,True,True,True,False,1.0509,5.09,1.0509,1.0509,5.09,Exact NHDPlusID crosswalk to chandeg gis_id.,15000700057519,nhd_first_v1b_gnis,tributary,True,True,15000700057519,02298202,SHELL CREEK NEAR PUNTA GORDA FL,15000700057519.0,26.8,15000700057519.0,True,da_distance,977.24,1.01,929.9,929.9,913.67,72.84,639.0,615.0,983.56,96656.87,967.5687,5.09,6.96,1.0696,02298202,SHELL CREEK NEAR PUNTA GORDA FL,15000700057519.0,26.8,15000700057519.0,True,da_distance,977.24,1.01,929.9,929.9,913.67,72.84,639.0,615.0,983.56,96656.87,967.5687,5.09,1.0509,6.96,1.0696
02298300,PEACE RIVER AT PUNTA GORDA FL,5956.972653772799,nwis_drain_area_km2,True,False,False,False,False,15000700067573,nhd_first_v1b_gnis,mainstem,Peace River,558,True,5229.50399912,6,558,Peace River,38,38.0,exact_crosswalk,15000700067573,0,True,5229.50399912,5755.8178701,1.100643172099795,10.064317209979485,mainstem_known_nhd_offset,True,calibration_ready_documented_nhd_offset,38,15000700067573,distance_only,15000700067573,distance_only,nhd_first_mainstem_levelpath_gnis,mainstem,True,True,True,False,1.1006,10.06,1.1063,1.1006,10.06,Exact NHDPlusID crosswalk to chandeg gis_id.,15000700067573,nhd_first_v1b_gnis,mainstem,True,True,15000700067573,02298300,PEACE RIVER AT PUNTA GORDA FL,15000700067573.0,0.1,15000700067573.0,True,distance_only,5755.82,2.28,5229.5,5202.91,5146.26,670.83,8252.0,8117.0,5942.17,252348.15,2524.4815,10.63,11.84,1.1184,02298300,PEACE RIVER AT PUNTA GORDA FL,15000700067573.0,0.1,15000700067573.0,True,distance_only,5755.82,2.28,5229.5,5202.91,5146.26,670.83,8252.0,8117.0,5942.17,252348.15,2524.4815,10.63,1.1063,11.84,1.1184
274319081452000,ESTECH POND CSA OUTFALL NEAR FT. MEADE FL,0.3107985732403199,nwis_contrib_drain_area_km2,False,False,False,False,False,15000700094784,nhd_first_v1b_levelpath,tributary,,460,False,0.09560001,1,460,,7579,6617.0,exact_crosswalk,15000700094784,0,True,0.09560001,0.0968835,1.0134256262107086,1.3425626210708537,tributary_clean,True,calibration_ready,7579,15000700094784,da_distance,15000700094784,da_distance,nhd_first_tributary_local_gnis,tributary,True,True,True,False,,,,,,Exact NHDPlusID crosswalk to chandeg gis_id.,15000700094784,nhd_first_v1b_levelpath,tributary,True,True,15000700094784,,,,,,,,,,,,,,,,,,,,,,,,,,,,,,,,,,,,,,,,,,,
280242081531600,TENOROC DITCH (SITE 20) NEAR LAKELAND FL,159.4730888687525,wbd_upstream_hu12_area_sqkm,False,False,False,False,True,15000700045798,nhd_first_v1b_levelpath,canal,,460,False,7.884700009999999,1,460,,5304,4617.0,exact_crosswalk,15000700045798,0,True,7.884700009999999,7.882879799999999,0.9997691465753052,-0.023085342469484633,canal_or_artificial_review,False,canal_or_artificial_manual_review,5304,15000700045800,da_distance,15000700045798,da_distance,nhd_first_canal_ftype,canal,False,False,True,False,1.0004,0.04,1.0004,1.0004,0.04,Exact NHDPlusID crosswalk to chandeg gis_id.,15000700045798,nhd_first_v1b_levelpath,canal,False,True,15000700045800,280242081531600,TENOROC DITCH (SITE 20) NEAR LAKELAND FL,15000700045798.0,0.4,15000700045800.0,False,da_distance,7.88,0.99,7.88,7.88,7.88,0.15,4.0,4.0,159.47,696.25,7.9625,0.04,0.04,1.0004,280242081531600,TENOROC DITCH (SITE 20) NEAR LAKELAND FL,15000700045798.0,0.4,15000700045800.0,False,da_distance,7.88,0.99,7.88,7.88,7.88,0.15,4.0,4.0,159.47,696.25,7.9625,0.04,1.0004,0.04,1.0004
280441081520200,TENOROC DITCH (SITE 17B) NEAR LAKELAND FL,159.4730888687525,wbd_upstream_hu12_area_sqkm,False,False,False,False,True,15000700009684,nhd_first_v1b_levelpath,canal,,460,False,8.93599996,1,460,,9317,8083.0,exact_crosswalk,15000700009684,0,True,8.93599996,13.7438815,1.5380350896957704,53.80350896957703,canal_or_artificial_review,False,canal_or_artificial_manual_review,9317,15000700009684,da_distance,15000700009684,da_distance,nhd_first_canal_ftype,canal,True,True,True,False,1.5373,53.73,1.5373,1.5373,53.73,Exact NHDPlusID crosswalk to chandeg gis_id.,15000700009684,nhd_first_v1b_levelpath,canal,True,True,15000700009684,280441081520200,TENOROC DITCH (SITE 17B) NEAR LAKELAND FL,15000700009684.0,135.2,15000700009684.0,True,da_distance,13.74,8.94,8.94,8.94,8.94,0.0,1.0,1.0,159.47,53.73,1.5373,53.73,53.73,1.5373,280441081520200,TENOROC DITCH (SITE 17B) NEAR LAKELAND FL,15000700009684.0,135.2,15000700009684.0,True,da_distance,13.74,8.94,8.94,8.94,8.94,0.0,1.0,1.0,159.47,53.73,1.5373,53.73,1.5373,53.73,1.5373
280531081520500,TENOROC DITCH ABV STR (SITE 17A) NEAR LAKELAND FL,159.4730888687525,wbd_upstream_hu12_area_sqkm,False,False,False,False,True,15000700081951,nhd_first_v1b_global_closest,canal,,460,False,4.62019998,2,460,,3582,3157.0,exact_crosswalk,15000700081951,0,True,4.62019998,5.5631074,1.2040836812435984,20.40836812435985,canal_or_artificial_review,False,canal_or_artificial_manual_review,3582,15000700081951,global_closest,15000700081951,global_closest,global_closest,canal,True,True,True,False,1.2041,20.41,1.2041,1.2041,20.41,Exact NHDPlusID crosswalk to chandeg gis_id.,15000700081951,nhd_first_v1b_global_closest,canal,True,True,15000700081951,280531081520500,TENOROC DITCH ABV STR (SITE 17A) NEAR LAKELAND FL,15000700081951.0,107.3,15000700081951.0,True,global_closest,5.56,0.23,4.62,4.62,4.62,0.32,15.0,15.0,159.47,2318.74,24.1874,20.41,20.41,1.2041,280531081520500,TENOROC DITCH ABV STR (SITE 17A) NEAR LAKELAND FL,15000700081951.0,107.3,15000700081951.0,True,global_closest,5.56,0.23,4.62,4.62,4.62,0.32,15.0,15.0,159.47,2318.74,24.1874,20.41,1.2041,20.41,1.2041
280531081520501,TENOROC DITCH BEL STR (SITE 17A) NEAR LAKELAND FL,159.4730888687525,wbd_upstream_hu12_area_sqkm,False,False,False,False,True,15000700081951,nhd_first_v1b_global_closest,canal,,460,False,4.62019998,2,460,,3582,3157.0,exact_crosswalk,15000700081951,0,True,4.62019998,5.5631074,1.2040836812435984,20.40836812435985,canal_or_artificial_review,False,canal_or_artificial_manual_review,3582,15000700081951,global_closest,15000700081951,global_closest,global_closest,canal,True,True,True,False,1.2041,20.41,1.2041,1.2041,20.41,Exact NHDPlusID crosswalk to chandeg gis_id.,15000700081951,nhd_first_v1b_global_closest,canal,True,True,15000700081951,280531081520501,TENOROC DITCH BEL STR (SITE 17A) NEAR LAKELAND FL,15000700081951.0,107.3,15000700081951.0,True,global_closest,5.56,0.23,4.62,4.62,4.62,0.32,15.0,15.0,159.47,2318.74,24.1874,20.41,20.41,1.2041,280531081520501,TENOROC DITCH BEL STR (SITE 17A) NEAR LAKELAND FL,15000700081951.0,107.3,15000700081951.0,True,global_closest,5.56,0.23,4.62,4.62,4.62,0.32,15.0,15.0,159.47,2318.74,24.1874,20.41,1.2041,20.41,1.2041
280557081512300,TENOROC DITCH (SITE 13) NEAR LAKELAND FL,159.4730888687525,wbd_upstream_hu12_area_sqkm,False,False,False,False,True,15000700070177,nhd_first_v1b_global_closest,canal,,336,False,2.04089997,1,336,,5157,4492.0,exact_crosswalk,15000700070177,0,True,2.04089997,2.0408926,0.999996388848004,-0.0003611151995882507,canal_or_artificial_review,False,canal_or_artificial_manual_review,5157,15000700070177,global_closest,15000700070177,global_closest,global_closest,canal,True,True,True,False,1.0004,0.04,1.0004,1.0004,0.04,Exact NHDPlusID crosswalk to chandeg gis_id.,15000700070177,nhd_first_v1b_global_closest,canal,True,True,15000700070177,280557081512300,TENOROC DITCH (SITE 13) NEAR LAKELAND FL,15000700070177.0,13.5,15000700070177.0,True,global_closest,2.04,0.84,2.04,2.04,2.04,0.01,4.0,4.0,159.47,142.96,2.4296,0.04,0.04,1.0004,280557081512300,TENOROC DITCH (SITE 13) NEAR LAKELAND FL,15000700070177.0,13.5,15000700070177.0,True,global_closest,2.04,0.84,2.04,2.04,2.04,0.01,4.0,4.0,159.47,142.96,2.4296,0.04,1.0004,0.04,1.0004
