catalog_model_id,workspace_model_id,label,site_no,station_name,usgs_da_km2,usgs_da_source,v1b_nhdplusid,v1b_pick_rule,reference_class,reference_gnis,reference_ftype,reference_has_wb_link,swat_gis_id,swat_lcha,mapping_method,mapped_nhdplusid,replacement_steps_downstream,chandeg_present,nhd_tda_km2,swat_da_km2,swat_nhd_ratio,assignment_class,calibration_eligible,production_gis_channel,same_gis_as_production,notes
05536265,0712/huc12/05536265,0712/huc12/05536265 (IL),05536265,"LANSING DITCH NEAR LANSING, IL",22.89549489537024,meta_csv,22000800110401,nhd_first_v1b_levelpath,canal,North Creek,336.0,False,25.0,25.0,exact_crosswalk,22000800110401.0,0,True,38.73580005,39.8630362,1.02910062909621,canal_or_artificial_review,False,25,True,
05536265,0712/huc12/05536265,0712/huc12/05536265 (IL),05536270,"NORTH CREEK NEAR LANSING, IL",43.5118002536448,meta_csv,22000800016909,nhd_first_v1b_gnis,tributary,North Creek,460.0,False,23.0,23.0,exact_crosswalk,22000800016909.0,0,True,42.71700009,43.8454004,1.0264157199153163,tributary_clean,True,16,False,
02297600,0310/huc12/02297600,0310/huc12/02297600 (FL),02297600,SHELL CREEK AT CIRCLE K GROVES NEAR FT OGDEN FL,198.1594209755774,wbd_upstream_hu12_area_sqkm,15000700021819,nhd_first_v1b_gnis,tributary,Shell Creek,460.0,False,2.0,2.0,exact_crosswalk,15000700021819.0,0,True,153.71659989,165.60747909999998,1.0773558562868886,tributary_clean,True,2,True,
09471300,1505/huc12/09471300,1505/huc12/09471300 (AZ),09471300,HUACHUCA CAN NR FT HUACHUCA ARIZ,8.39156147748864,meta_csv,40000400092060,nhd_first_v1b_levelpath,mainstem,,,False,341.0,341.0,exact_crosswalk,40000400092060.0,0,True,9.07609999,9.0693005,0.9992508357105484,mainstem_clean,True,317,False,
09471300,1505/huc12/09471300,1505/huc12/09471300 (AZ),09471310,"HUACHUCA CANYON NEAR FORT HUACHUCA, AZ",10.54125160906752,meta_csv,40000400091923,nhd_first_v1b_levelpath,mainstem,,,False,295.0,295.0,exact_crosswalk,40000400091923.0,0,True,11.91249993,11.9014838,0.9990752461645556,mainstem_clean,True,295,True,
09471300,1505/huc12/09471300,1505/huc12/09471300 (AZ),09471380,"UPPER BABOCOMARI RIVER NEAR HUACHUCA CITY, AZ",408.4411249999872,meta_csv,40000400091991,nhd_first_v1b_levelpath,mainstem,,,False,13.0,13.0,exact_crosswalk,40000400091991.0,0,True,417.68049999,319.3918101,0.7646797255501437,mainstem_clean,True,12,False,
03152000,0503/huc12/03152000,0503/huc12/03152000 (nan),03151400,"LITTLE KANAWHA RIVER NR WILDCAT, WV",290.07866835763195,meta_csv,24000300035280,nhd_first_v1b_gnis,mainstem,Little Kanawha River,558.0,True,55.0,43.0,exact_crosswalk,24000300035280.0,0,True,290.58959998,253.6297181,0.8728107204024377,mainstem_clean,True,54,False,
03152000,0503/huc12/03152000,0503/huc12/03152000 (nan),03151500,"L KANAWHA R NR BURNSVILLE, WV",401.44815710208,meta_csv,24000300006899,nhd_first_v1b_levelpath,mainstem,Little Kanawha River,558.0,True,35.0,35.0,lake_outlet_replacement,24000300025462.0,8,True,400.38569999,385.8086122,0.9635923865653442,lake_outlet_review,False,946,False,Mapped at downstream step 8 to NHD 24000300025462 (ref 24000300006899).
03152000,0503/huc12/03152000,0503/huc12/03152000 (nan),03151520,"LITTLE KANAWHA RIVER BELOW BURNSVILLE DAM, WV",422.168061984768,meta_csv,24000300025462,nhd_first_v1b_gnis,mainstem,Little Kanawha River,558.0,True,35.0,35.0,exact_crosswalk,24000300025462.0,0,True,422.86229998,385.8086122,0.912374104331948,mainstem_clean,True,35,True,
03152000,0503/huc12/03152000,0503/huc12/03152000 (nan),03151600,"LITTLE KANAWHA RIVER AT BURNSVILLE, WV",642.317051363328,meta_csv,24000300006361,nhd_first_v1b_gnis,mainstem,Little Kanawha River,558.0,True,27.0,27.0,lake_outlet_replacement,24000300006219.0,1,True,643.46460013,593.9554031,0.9230583982087008,lake_outlet_review,False,27,True,Mapped at downstream step 1 to NHD 24000300006219 (ref 24000300006361).
03152000,0503/huc12/03152000,0503/huc12/03152000 (nan),03151915,"SAND FORK NEAR GLENVILLE, WV",204.8680595275776,meta_csv,24000300052751,nhd_first_v1b_gnis,mainstem,Sand Fork,558.0,True,88.0,76.0,exact_crosswalk,24000300052751.0,0,True,204.94639993,32.258902400000004,0.1574016543399548,mainstem_clean,True,87,False,
03152000,0503/huc12/03152000,0503/huc12/03152000 (nan),03152000,"LITTLE KANAWHA RIVER AT GLENVILLE, WV",1002.325398700032,meta_csv,24000300052104,nhd_first_v1b_gnis,mainstem,Little Kanawha River,558.0,True,8.0,8.0,lake_outlet_replacement,24000300061393.0,1,True,1001.0345002,773.1777518,0.7723787258536287,lake_outlet_review,False,6,False,Mapped at downstream step 1 to NHD 24000300061393 (ref 24000300052104).
07174000,1107/huc12/07174000,1107/huc12/07174000 (KS),07173300,"M CANEY C AT SEDAN, KS",309.2445803741184,meta_csv,21001300139309,nhd_first_v1b_levelpath,mainstem,Middle Caney Creek,558.0,True,78.0,78.0,exact_crosswalk,21001300139309.0,0,True,309.60529995,309.9869875,1.001232819819498,mainstem_clean,True,78,True,
07174000,1107/huc12/07174000,1107/huc12/07174000 (KS),07173500,"BEE C NR HAVANA, KS",28.489869213696,meta_csv,21001300121695,nhd_first_v1b_levelpath,mainstem,Bee Creek,460.0,False,371.0,354.0,downstream_replacement,21001300005852.0,1,True,29.41109997,56.298422200000005,1.914189617437828,review,False,376,False,Mapped at downstream step 1 to NHD 21001300005852 (ref 21001300121695).
07174000,1107/huc12/07174000,1107/huc12/07174000 (KS),07174000,"Little Caney River near Copan, OK",1098.1549587824638,meta_csv,21001300044776,nhd_first_v1b_gnis,mainstem,Little Caney River,558.0,True,,,missing,,3,False,1103.85780021,,,exclude_from_auto_calibration,False,1,False,No chandeg.con channel for reference reach or downstream walk.
15060105,1506/huc8/15060105,1506/huc8/15060105 (nan),09498800,"TONTO CREEK NEAR GISELA, ARIZ.",1113.69488744448,meta_csv,40000600090920,nhd_first_v1b_levelpath,tributary,,,False,357.0,357.0,exact_crosswalk,40000600090920.0,0,True,1119.18809979,1120.1734671,1.0008804304747208,tributary_clean,True,1003,False,
15060105,1506/huc8/15060105,1506/huc8/15060105 (nan),09498870,"RYE CREEK NR GISELA, ARIZ.",315.978549460992,meta_csv,40000600078713,nhd_first_v1b_levelpath,tributary,,,False,471.0,471.0,exact_crosswalk,40000600078713.0,0,True,316.82459993,316.5909191,0.9992624283908144,tributary_clean,True,459,False,
15060105,1506/huc8/15060105,1506/huc8/15060105 (nan),09499000,"TONTO CREEK ABOVE GUN CREEK, NEAR ROOSEVELT, AZ",1748.2419744768,meta_csv,40000600056480,nhd_first_v1b_levelpath,tributary,,,False,227.0,227.0,exact_crosswalk,40000600056480.0,0,True,1888.06139942,1888.4063686,1.0001827107847796,tributary_clean,True,228,False,
15060105,1506/huc8/15060105,1506/huc8/15060105 (nan),09499500,TONTO C NR ROOSEVELT ARIZ,2178.180000792576,meta_csv,40000600077394,nhd_first_v1b_levelpath,mainstem,,,False,119.0,119.0,downstream_replacement,40000600077445.0,1,True,2070.97139943,0.0560846999999999,2.708134936843472e-05,assignment_ambiguous,False,1220,False,Mapped at downstream step 1 to NHD 40000600077445 (ref 40000600077394).
03100101,0310/huc8/03100101,0310/huc8/03100101 (nan),02293681,LAKE HAMILTON NEAR LAKE HAMILTON FL,53.094756261888,nwis_contrib_drain_area_km2,15000700011475,nhd_first_v1b_levelpath,lake_related,,558.0,True,1018.0,970.0,lake_outlet_replacement,15000700083706.0,1,True,123.13099995,126.9437013,1.0309645934130984,lake_outlet_review,False,965,False,Mapped at downstream step 1 to NHD 15000700083706 (ref 15000700011475).
03100101,0310/huc8/03100101,0310/huc8/03100101 (nan),02293694,PEACE CREEK DRAINAGE CANAL NEAR DUNDEE FL,150.219310399488,nwis_drain_area_km2,15000700023411,nhd_first_v1b_gnis,canal,Peace Creek Drainage Canal,336.0,False,1008.0,960.0,exact_crosswalk,15000700023411.0,0,True,78.53100002,9.8006307,0.1247995148094893,canal_or_artificial_review,False,1008,True,
03100101,0310/huc8/03100101,0310/huc8/03100101 (nan),02293986,PEACE CREEK DRAINAGE CANAL NEAR ALTURAS FL,414.39809765376,nwis_drain_area_km2,15000700071069,nhd_first_v1b_levelpath,canal,,460.0,False,6643.0,5774.0,exact_crosswalk,15000700071069.0,0,True,0.14489998,0.1439671,0.9935619038732788,canal_or_artificial_review,False,481,False,
03100101,0310/huc8/03100101,0310/huc8/03100101 (nan),02293987,PEACE CREEK DRAINAGE CANAL NEAR WAHNETA FL,419.578073874432,nwis_drain_area_km2,15000700022809,nhd_first_v1b_gnis,canal,Peace Creek,558.0,True,470.0,443.0,exact_crosswalk,15000700022809.0,0,True,386.91189983,404.8491684,1.046360085016463,canal_or_artificial_review,False,470,True,
03100101,0310/huc8/03100101,0310/huc8/03100101 (nan),02294068,LULU LAKE OUTLET AT ELOISE FL,59.569726537728,nwis_drain_area_km2,15000700070958,nhd_first_v1b_levelpath,lake_outlet,,336.0,False,1446.0,1361.0,exact_crosswalk,15000700070958.0,0,True,37.81499997,29.9786661,0.7927718134016436,lake_outlet_review,False,1415,False,
03100101,0310/huc8/03100101,0310/huc8/03100101 (nan),02294161,PEACE CREEK NEAR BARTOW FL,530.4295649968128,nwis_drain_area_km2,15000700010442,nhd_first_v1b_gnis,tributary,Peace Creek,558.0,True,451.0,429.0,lake_outlet_replacement,15000700010307.0,1,True,503.90429993,590.6192902,1.1720862280437894,lake_outlet_review,False,451,True,Mapped at downstream step 1 to NHD 15000700010307 (ref 15000700010442).
03100101,0310/huc8/03100101,0310/huc8/03100101 (nan),02294217,SADDLE CREEK AT ST.HWY 542 NEAR LAKELAND FL,137.26936984780798,nwis_drain_area_km2,15000700057875,nhd_first_v1b_gnis,tributary,Saddle Creek,558.0,True,947.0,900.0,exact_crosswalk,15000700057875.0,0,True,106.14489989,120.7286672,1.1373948943860086,tributary_clean,True,947,True,
03100101,0310/huc8/03100101,0310/huc8/03100101 (nan),02294260,LAKE PARKER OUTLET AT LAKELAND FL,159.4730888687525,wbd_upstream_hu12_area_sqkm,15000700021204,nhd_first_v1b_levelpath,lake_outlet,,558.0,True,1392.0,1315.0,lake_outlet_replacement,15000700093457.0,1,True,50.03610001,61.0420657,1.2199605022733666,lake_outlet_review,False,1392,True,Mapped at downstream step 1 to NHD 15000700093457 (ref 15000700021204).
03100101,0310/huc8/03100101,0310/huc8/03100101 (nan),02294261,LAKE PARKER OUTLET AT COMBEE SETTLEMENT FL,159.4730888687525,wbd_upstream_hu12_area_sqkm,15000700093457,nhd_first_v1b_levelpath,lake_outlet,,336.0,False,1392.0,1315.0,exact_crosswalk,15000700093457.0,0,True,52.17359997,61.0420657,1.169979946469084,lake_outlet_review,False,1392,True,
03100101,0310/huc8/03100101,0310/huc8/03100101 (nan),02294290,SADDLE CREEK AT STATE HWY 570 NEAR EATON PARK FL,157.989274730496,nwis_drain_area_km2,15000700045993,nhd_first_v1b_gnis,tributary,Saddle Creek,558.0,True,770.0,733.0,lake_outlet_replacement,15000700045991.0,8,True,135.26619994,335.25871440000003,2.478510629770857,lake_outlet_review,False,897,False,Mapped at downstream step 8 to NHD 15000700045991 (ref 15000700045993).
03100101,0310/huc8/03100101,0310/huc8/03100101 (nan),02294330,LAKE LENA RUN NEAR AUBURNDALE FL,55.4257455611904,nwis_drain_area_km2,15000700046384,nhd_first_v1b_levelpath,lake_related,,460.0,False,2072.0,1889.0,exact_crosswalk,15000700046384.0,0,True,48.74330006,63.5854851,1.3044969261771395,lake_outlet_review,False,2232,False,
03100101,0310/huc8/03100101,0310/huc8/03100101 (nan),02294405,"BANANA-HANCOCK CANAL NR HIGHLAND CITY, FL",48.6917764743168,nwis_drain_area_km2,15000700057695,nhd_first_v1b_levelpath,canal,,460.0,False,1181.0,1120.0,exact_crosswalk,15000700057695.0,0,True,32.95929996,48.5323176,1.4724923666127523,canal_or_artificial_review,False,1163,False,
03100101,0310/huc8/03100101,0310/huc8/03100101 (nan),02294491,SADDLE CREEK AT STRUCTURE P-11 NEAR BARTOW FL,349.64839489536,nwis_drain_area_km2,15000700045991,nhd_first_v1b_gnis,tributary,Saddle Creek,558.0,True,770.0,733.0,exact_crosswalk,15000700045991.0,0,True,281.84169988,335.25871440000003,1.1895284286986043,tributary_clean,True,755,False,
03100101,0310/huc8/03100101,0310/huc8/03100101 (nan),02294650,"PEACE RIVER AT SR 60 AT BARTOW, FL",1010.09536303104,nwis_drain_area_km2,15000700034172,nhd_first_v1b_gnis,mainstem,Peace River,558.0,True,439.0,417.0,exact_crosswalk,15000700034172.0,0,True,842.36539974,987.6217969,1.1724387032098351,mainstem_known_nhd_offset,True,437,False,
03100101,0310/huc8/03100101,0310/huc8/03100101 (nan),02294655,PEACE RIVER NEAR BARTOW FL,1023.04530358272,nwis_drain_area_km2,15000700058476,nhd_first_v1b_gnis,mainstem,Peace River,558.0,True,427.0,405.0,lake_outlet_replacement,15000700058475.0,1,True,865.3414998,1046.57317,1.2094336978428593,lake_outlet_review,False,429,False,Mapped at downstream step 1 to NHD 15000700058475 (ref 15000700058476).
03100101,0310/huc8/03100101,0310/huc8/03100101 (nan),02294705,PEACE RV DISTRIBUTARY AT DOVER SINK NR BARTOW FL,1448.2658499695908,wbd_upstream_hu12_area_sqkm,15000700058476,nhd_first_v1b_levelpath,mainstem,Peace River,558.0,True,427.0,405.0,lake_outlet_replacement,15000700058475.0,1,True,865.3414998,1046.57317,1.2094336978428593,lake_outlet_review,False,429,False,Mapped at downstream step 1 to NHD 15000700058475 (ref 15000700058476).
03100101,0310/huc8/03100101,0310/huc8/03100101 (nan),02294747,SIXMILE CREEK AT BARTOW FL,1448.2658499695908,wbd_upstream_hu12_area_sqkm,15000700058475,nhd_first_v1b_levelpath,tributary,Peace River,558.0,True,427.0,405.0,exact_crosswalk,15000700058475.0,0,True,891.56249983,1046.57317,1.1738640535010805,tributary_clean,True,2896,False,
03100101,0310/huc8/03100101,0310/huc8/03100101 (nan),02294760,BARBER BRANCH NEAR HOMELAND FL,83.81896744390077,wbd_upstream_hu12_area_sqkm,15000700046375,nhd_first_v1b_gnis,tributary,Barber Branch,460.0,False,6981.0,6074.0,exact_crosswalk,15000700046375.0,0,True,4.05980003,4.874057199999999,1.2005658318101935,tributary_clean,True,427,False,
03100101,0310/huc8/03100101,0310/huc8/03100101 (nan),02294775,PEACE RIVER AT CLEAR SPRINGS NEAR BARTOW FL,1025.635291693056,nwis_drain_area_km2,15000700058476,nhd_first_v1b_gnis,mainstem,Peace River,558.0,True,427.0,405.0,lake_outlet_replacement,15000700058475.0,1,True,865.3414998,1046.57317,1.2094336978428593,lake_outlet_review,False,2615,False,Mapped at downstream step 1 to NHD 15000700058475 (ref 15000700058476).
03100101,0310/huc8/03100101,0310/huc8/03100101 (nan),02294781,PEACE RIVER NEAR HOMELAND FL,1064.485113348096,nwis_drain_area_km2,15000700060284,nhd_first_v1b_gnis,mainstem,Peace River,558.0,True,422.0,400.0,exact_crosswalk,15000700060284.0,0,True,910.65249984,1066.4732311,1.1711088821338298,mainstem_known_nhd_offset,True,422,True,
03100101,0310/huc8/03100101,0310/huc8/03100101 (nan),02294898,PEACE RIVER AT FORT MEADE FL,1243.19429296128,nwis_contrib_drain_area_km2,15000700046661,nhd_first_v1b_gnis,mainstem,Peace River,558.0,True,399.0,379.0,exact_crosswalk,15000700046661.0,0,True,995.38719978,1162.6722525,1.1680602812221952,mainstem_known_nhd_offset,True,399,True,
03100101,0310/huc8/03100101,0310/huc8/03100101 (nan),02295013,BOWLEGS CREEK NEAR FORT MEADE FL,122.2474388078592,nwis_drain_area_km2,15000700071244,nhd_first_v1b_gnis,tributary,Bowlegs Creek,460.0,False,968.0,921.0,exact_crosswalk,15000700071244.0,0,True,133.14200008,123.1842576,0.925209607231251,tributary_clean,True,968,True,
03100101,0310/huc8/03100101,0310/huc8/03100101 (nan),02295163,WHIDDEN CREEK NEAR FORT MEADE FL,111.369488744448,nwis_drain_area_km2,15000700058472,nhd_first_v1b_gnis,tributary,Whidden Creek,558.0,True,1409.0,1329.0,lake_outlet_replacement,15000700058625.0,1,True,114.30910011,126.5145163,1.106775542614321,lake_outlet_review,False,1501,False,Mapped at downstream step 1 to NHD 15000700058625 (ref 15000700058472).
03100101,0310/huc8/03100101,0310/huc8/03100101 (nan),02295194,PEACE RIVER AT BOWLING GREEN FL,1587.662711635968,nwis_drain_area_km2,15000700070531,nhd_first_v1b_gnis,mainstem,Peace River,558.0,True,332.0,328.0,exact_crosswalk,15000700070531.0,0,True,1342.29999993,1537.7319946,1.1455948705059908,mainstem_known_nhd_offset,True,332,True,
03100101,0310/huc8/03100101,0310/huc8/03100101 (nan),02295203,PEACE RIVER AT SH 664A NEAR BOWLING GREEN FL,1590.252699746304,nwis_drain_area_km2,15000700022334,nhd_first_v1b_gnis,mainstem,Peace River,558.0,True,322.0,318.0,exact_crosswalk,15000700022334.0,0,True,1352.06159996,1548.0414903,1.1449489360143044,mainstem_known_nhd_offset,True,322,True,
03100101,0310/huc8/03100101,0310/huc8/03100101 (nan),02295420,PAYNE CREEK NEAR BOWLING GREEN FL,313.388561350656,nwis_contrib_drain_area_km2,15000700094341,nhd_first_v1b_gnis,tributary,Payne Creek,460.0,False,792.0,754.0,exact_crosswalk,15000700094341.0,0,True,181.27969986,231.2184641,1.2754790761379629,tributary_clean,True,792,True,
03100101,0310/huc8/03100101,0310/huc8/03100101 (nan),02295435,HOG BRANCH NEAR WACHULA FL,13.752836865884158,nwis_drain_area_km2,15000700058459,nhd_first_v1b_gnis,tributary,Hog Branch,460.0,False,1893.0,1739.0,exact_crosswalk,15000700058459.0,0,True,13.14650001,13.7275833,1.044200607732704,tributary_clean,True,1893,True,
03100101,0310/huc8/03100101,0310/huc8/03100101 (nan),02295440,PEACE RIVER AT STATE HWY 664A NEAR WAUCHULA FL,1952.851035193344,nwis_drain_area_km2,15000700082634,nhd_first_v1b_gnis,mainstem,Peace River,558.0,True,293.0,289.0,exact_crosswalk,15000700082634.0,0,True,1572.43579986,1818.9124877,1.156748331386213,mainstem_known_nhd_offset,True,4746,False,
03100101,0310/huc8/03100101,0310/huc8/03100101 (nan),02295520,LITTLE CHARLIE CREEK NEAR BOWLING GREEN FL,121.85402973360566,wbd_upstream_hu12_area_sqkm,15000700083080,nhd_first_v1b_gnis,tributary,Little Charlie Creek,460.0,False,1020.0,972.0,downstream_replacement,15000700083077.0,1,True,49.28129994,57.2808111,1.162323460820624,tributary_clean,True,1044,False,Mapped at downstream step 1 to NHD 15000700083077 (ref 15000700083080).
03100101,0310/huc8/03100101,0310/huc8/03100101 (nan),02295521,LT CHARLIE CR BL PARKER BRANCH NR BOWLING GREEN FL,121.85402973360566,wbd_upstream_hu12_area_sqkm,15000700071156,nhd_first_v1b_gnis,tributary,Parker Branch,336.0,False,3144.0,2777.0,exact_crosswalk,15000700071156.0,0,True,9.39419997,9.4665183,1.0076981893328805,tributary_clean,True,1044,False,
03100101,0310/huc8/03100101,0310/huc8/03100101 (nan),02295580,LITTLE CHARLIE CREEK NEAR MOUTH NEAR WAUCHULA FL,121.85402973360566,wbd_upstream_hu12_area_sqkm,15000700034312,nhd_first_v1b_gnis,tributary,Little Charlie Creek,460.0,False,686.0,653.0,downstream_replacement,15000700022326.0,1,True,92.49909988,110.7188767,1.196972476960713,tributary_clean,True,695,False,Mapped at downstream step 1 to NHD 15000700022326 (ref 15000700034312).
03100101,0310/huc8/03100101,0310/huc8/03100101 (nan),02295607,PEACE R AT WAUCHULA FL,2092.710393151488,nwis_drain_area_km2,15000700046526,nhd_first_v1b_levelpath,mainstem,Peace River,558.0,True,281.0,277.0,exact_crosswalk,15000700046526.0,0,True,1683.96909977,1949.981436,1.1579674688011392,mainstem_known_nhd_offset,True,281,True,
03100101,0310/huc8/03100101,0310/huc8/03100101 (nan),02295637,"PEACE RIVER AT US 17 AT ZOLFO SPRINGS, FL",2139.330179137536,nwis_contrib_drain_area_km2,15000700022140,nhd_first_v1b_gnis,mainstem,Peace River,558.0,True,269.0,265.0,exact_crosswalk,15000700022140.0,0,True,1731.61689974,2001.1558674,1.155657390327197,mainstem_known_nhd_offset,True,269,True,
03100101,0310/huc8/03100101,0310/huc8/03100101 (nan),02295755,HICKORY CREEK NEAR ONA FL,9.71245541376,nwis_drain_area_km2,15000700021552,nhd_first_v1b_gnis,tributary,Hickory Creek,460.0,False,2092.0,1907.0,exact_crosswalk,15000700021552.0,0,True,7.62710002,7.6221091,0.9993456333354864,tributary_clean,True,1709,False,
03100101,0310/huc8/03100101,0310/huc8/03100101 (nan),02295798,PEACE RIVER AT PEACE RIVER RANCH NR BUCHANAN FL,3257.1980523767875,wbd_upstream_hu12_area_sqkm,15000700069974,nhd_first_v1b_gnis,mainstem,Peace River,558.0,True,249.0,245.0,exact_crosswalk,15000700069974.0,0,True,1897.44889973,2167.1336771,1.1421301924960272,mainstem_known_nhd_offset,True,249,True,
03100101,0310/huc8/03100101,0310/huc8/03100101 (nan),02295850,OAK CREEK NEAR ONA FL,38.84982165504,nwis_drain_area_km2,15000700009626,nhd_first_v1b_gnis,tributary,Oak Creek,460.0,False,922.0,876.0,exact_crosswalk,15000700009626.0,0,True,58.98210004,60.187317400000005,1.02043361221765,tributary_clean,True,922,True,
03100101,0310/huc8/03100101,0310/huc8/03100101 (nan),02296057,BUCKHORN CREEK NEAR GRIFFINS CORNER FL,45.32479193088,nwis_drain_area_km2,15000700023237,nhd_first_v1b_gnis,tributary,Buckhorn Creek,460.0,False,1033.0,985.0,exact_crosswalk,15000700023237.0,0,True,44.01000001,41.4236007,0.9412315539783612,tributary_clean,True,1033,True,
03100101,0310/huc8/03100101,0310/huc8/03100101 (nan),02296180,LITTLE CHARLEY BOWLEGS CREEK NEAR CREWSVILLE FL,54.9077479391232,nwis_drain_area_km2,15000700023946,nhd_first_v1b_levelpath,tributary,,460.0,False,2548.0,2277.0,exact_crosswalk,15000700023946.0,0,True,37.93820003,46.2849815,1.220009949428273,tributary_clean,True,2242,False,
03100101,0310/huc8/03100101,0310/huc8/03100101 (nan),02296191,"L CHARLEY BOWLEGS C AT SFL RD, NEAR SEBRING FL",79.2536361762816,nwis_drain_area_km2,15000700096048,nhd_first_v1b_levelpath,mainstem,,460.0,False,1938.0,1778.0,exact_crosswalk,15000700096048.0,0,True,80.99430002,89.29131520000001,1.1024394948527394,mainstem_known_nhd_offset,True,1938,True,
03100101,0310/huc8/03100101,0310/huc8/03100101 (nan),02296207,L CHARLEY BOWLEGS CR AT COTT RD NEAR SEBRING FL,98.6785470038016,nwis_drain_area_km2,15000700072094,nhd_first_v1b_levelpath,tributary,,460.0,False,1881.0,1729.0,exact_crosswalk,15000700072094.0,0,True,86.57369999,94.8680045,1.0958062842521237,tributary_clean,True,1881,True,
03100101,0310/huc8/03100101,0310/huc8/03100101 (nan),02296222,LITTLE CHARLEY BOWLEGS C AB CT NEAR SEBRING FL,108.5205018230784,nwis_drain_area_km2,15000700084216,nhd_first_v1b_levelpath,mainstem,,460.0,False,1725.0,1592.0,exact_crosswalk,15000700084216.0,0,True,95.57879997,103.860065,1.0866433250113967,mainstem_known_nhd_offset,True,1725,True,
03100101,0310/huc8/03100101,0310/huc8/03100101 (nan),02296223,LITTLE CHARLEY BOWLEGS CREEK NEAR SEBRING FL,108.5205018230784,nwis_drain_area_km2,15000700084216,nhd_first_v1b_levelpath,tributary,,460.0,False,1725.0,1592.0,exact_crosswalk,15000700084216.0,0,True,95.57879997,103.860065,1.0866433250113967,tributary_clean,True,1725,True,
03100101,0310/huc8/03100101,0310/huc8/03100101 (nan),02296260,CHARLIE CREEK NEAR CREWSVILLE FL,497.277717184512,nwis_drain_area_km2,15000700059498,nhd_first_v1b_gnis,tributary,Charlie Creek,460.0,False,650.0,617.0,exact_crosswalk,15000700059498.0,0,True,468.68939998,492.2915472,1.0503577576557248,tributary_clean,True,636,False,
03100101,0310/huc8/03100101,0310/huc8/03100101 (nan),02296389,OAK CREEK NEAR GARDNER FL,168.60822598287356,nwis_drain_area_km2,15000700095014,nhd_first_v1b_gnis,tributary,Oak Creek,460.0,False,598.0,565.0,downstream_replacement,15000700094861.0,2,True,140.644,732.1145376999999,5.205444510252836,tributary_clean,True,1038,False,Mapped at downstream step 2 to NHD 15000700094861 (ref 15000700095014).
03100101,0310/huc8/03100101,0310/huc8/03100101 (nan),02296500,CHARLIE CREEK NEAR GARDNER FL,854.69607641088,nwis_contrib_drain_area_km2,15000700034124,nhd_first_v1b_gnis,tributary,Charlie Creek,460.0,False,532.0,502.0,exact_crosswalk,15000700034124.0,0,True,805.45660007,870.0241886,1.0801627158116136,tributary_clean,True,535,False,
03100101,0310/huc8/03100101,0310/huc8/03100101 (nan),02296525,PEACE RIVER BELOW CHARLIE CREEK NEAR GARDNER FL,3257.1980523767875,wbd_upstream_hu12_area_sqkm,15000700058438,nhd_first_v1b_gnis,mainstem,Peace River,558.0,True,242.0,238.0,exact_crosswalk,15000700058438.0,0,True,2873.30059969,3228.5101094,1.1236242075570944,mainstem_known_nhd_offset,True,242,True,
03100101,0310/huc8/03100101,0310/huc8/03100101 (nan),02296750,"PEACE RIVER AT SR 70 AT ARCADIA, FL",3540.513746829312,nwis_contrib_drain_area_km2,15000700033482,nhd_first_v1b_gnis,mainstem,Peace River,558.0,True,220.0,216.0,lake_outlet_replacement,15000700033473.0,2,True,3036.01379949,3415.8747352,1.1251183165813707,lake_outlet_review,False,222,False,Mapped at downstream step 2 to NHD 15000700033473 (ref 15000700033482).
03100101,0310/huc8/03100101,0310/huc8/03100101 (nan),02297000,10D JOSHUA CREEK NEAR ARCADIA FL,332.46068211037607,wbd_upstream_hu12_area_sqkm,15000700046304,nhd_first_v1b_gnis,tributary,Joshua Creek,460.0,False,769.0,732.0,exact_crosswalk,15000700046304.0,0,True,172.9473999,183.1886734,1.059216117188935,tributary_clean,True,722,False,
03100101,0310/huc8/03100101,0310/huc8/03100101 (nan),02297100,JOSHUA CREEK AT NOCATEE FL,341.878430564352,nwis_contrib_drain_area_km2,15000700021498,nhd_first_v1b_gnis,tributary,Joshua Creek,460.0,False,625.0,592.0,exact_crosswalk,15000700021498.0,0,True,289.74049981,312.1234673,1.0772517735859428,tributary_clean,True,625,True,
03100101,0310/huc8/03100101,0310/huc8/03100101 (nan),02297105,PEACE RIVER AT NOCATEE FL,4325.28014426112,nwis_drain_area_km2,15000700021293,nhd_first_v1b_gnis,mainstem,Peace River,558.0,True,214.0,210.0,lake_outlet_replacement,15000700069535.0,1,True,3071.17599959,3754.9390715,1.222638843231805,lake_outlet_review,False,215,False,Mapped at downstream step 1 to NHD 15000700069535 (ref 15000700021293).
03100101,0310/huc8/03100101,0310/huc8/03100101 (nan),02297153,WEST FORK HORSE CREEK NEAR MYAKKA HEAD FL,34.964839489536,nwis_contrib_drain_area_km2,15000700020086,nhd_first_v1b_gnis,tributary,Horse Creek,460.0,False,632.0,599.0,exact_crosswalk,15000700020086.0,0,True,59.19119988,87.71854219999999,1.4819524249860498,tributary_clean,True,632,True,
03100101,0310/huc8/03100101,0310/huc8/03100101 (nan),02297155,HORSE CREEK NEAR MYAKKA HEAD FL,108.779500634112,nwis_contrib_drain_area_km2,15000700056297,nhd_first_v1b_gnis,tributary,Horse Creek,460.0,False,603.0,570.0,exact_crosswalk,15000700056297.0,0,True,89.1130999,125.5828044,1.4092518893510066,tributary_clean,True,603,True,
03100101,0310/huc8/03100101,0310/huc8/03100101 (nan),02297220,BRUSHY CREEK NEAR LILLY FL,123.80143167406078,nwis_drain_area_km2,15000700068795,nhd_first_v1b_gnis,tributary,Brushy Creek,460.0,False,903.0,857.0,downstream_replacement,15000700008579.0,1,True,97.07680005,101.4352601,1.0448970304723182,tributary_clean,True,903,True,Mapped at downstream step 1 to NHD 15000700008579 (ref 15000700068795).
03100101,0310/huc8/03100101,0310/huc8/03100101 (nan),02297251,HORSE CREEK NEAR LIMESTONE FL,336.69845434368,nwis_drain_area_km2,15000700020669,nhd_first_v1b_gnis,tributary,Horse Creek,460.0,False,499.0,469.0,exact_crosswalk,15000700020669.0,0,True,287.27850015,327.86025240000004,1.141262754535444,tributary_clean,True,491,False,
03100101,0310/huc8/03100101,0310/huc8/03100101 (nan),02297272,BRANDY BRANCH AT PINE LEVEL FL,39.1088204660736,nwis_drain_area_km2,15000700020494,nhd_first_v1b_tiebreak,tributary,,334.0,False,1279.0,1208.0,downstream_replacement,15000700068778.0,2,True,0.08570001,41.3864771,482.9226636029564,tributary_clean,True,1220,False,Mapped at downstream step 2 to NHD 15000700068778 (ref 15000700020494).
03100101,0310/huc8/03100101,0310/huc8/03100101 (nan),02297290,BUZZARD ROOST BRANCH NEAR PINE LEVEL FL,74.33265876664319,nwis_drain_area_km2,15000700068465,nhd_first_v1b_gnis,tributary,Buzzard Roost Branch,460.0,False,945.0,898.0,exact_crosswalk,15000700068465.0,0,True,72.52869992,74.06611149999999,1.021197285787499,tributary_clean,True,886,False,
03100101,0310/huc8/03100101,0310/huc8/03100101 (nan),02297310,"HORSE CREEK AT SR 72 NEAR ARCADIA, FL",564.6174080532479,nwis_contrib_drain_area_km2,15000700008553,nhd_first_v1b_tiebreak,tributary,,460.0,False,1307.0,1235.0,exact_crosswalk,15000700008553.0,0,True,23.33289992,23.7228866,1.0167140253177755,tributary_clean,True,333,False,
03100101,0310/huc8/03100101,0310/huc8/03100101 (nan),02297345,PEACE RIVER AT PLATT FL,4599.151207517376,wbd_upstream_hu12_area_sqkm,15000700008331,nhd_first_v1b_gnis,mainstem,Peace River,558.0,True,183.0,179.0,exact_crosswalk,15000700008331.0,0,True,4007.49659929,4463.273679,1.1137311207677003,mainstem_known_nhd_offset,True,181,False,
03100101,0310/huc8/03100101,0310/huc8/03100101 (nan),02297350,PEACE RIVER NR PEACE RIVER HEIGHTS NR FT. OGDEN FL,4610.17883639808,nwis_drain_area_km2,15000700080628,nhd_first_v1b_gnis,mainstem,Peace River,558.0,True,166.0,162.0,exact_crosswalk,15000700080628.0,0,True,4013.29919928,4468.1875762,1.1133452439832068,mainstem_known_nhd_offset,True,166,True,
03100101,0310/huc8/03100101,0310/huc8/03100101 (nan),02297460,PEACE RIVER AT HARBOUR HEIGHTS FL,4843.27776632832,nwis_drain_area_km2,15000700068714,nhd_first_v1b_gnis,mainstem,Peace River,558.0,True,59.0,59.0,exact_crosswalk,15000700068714.0,0,True,4130.56349937,4595.748796899999,1.1126202992886929,mainstem_known_nhd_offset,True,58,False,
03100101,0310/huc8/03100101,0310/huc8/03100101 (nan),02297600,SHELL CREEK AT CIRCLE K GROVES NEAR FT OGDEN FL,198.1594209755774,wbd_upstream_hu12_area_sqkm,15000700021819,nhd_first_v1b_gnis,tributary,Shell Creek,460.0,False,2718.0,2418.0,exact_crosswalk,15000700021819.0,0,True,153.71659989,165.60747909999998,1.0773558562868886,tributary_clean,True,2718,True,
03100101,0310/huc8/03100101,0310/huc8/03100101 (nan),02297635,SHELL CREEK ON CR 764 NEAR PUNTA GORDA FL,233.3579287412736,nwis_drain_area_km2,15000700093511,nhd_first_v1b_gnis,tributary,Shell Creek,558.0,True,1863.0,1715.0,exact_crosswalk,15000700093511.0,0,True,202.58810002,221.5708551,1.0937012345647448,tributary_clean,True,1863,True,
03100101,0310/huc8/03100101,0310/huc8/03100101 (nan),02297733,MOSSY GULLY TRIB AT ST HWY 70 NEAR ARCADIA FL,17.19752105263104,nwis_drain_area_km2,15000700083497,nhd_first_v1b_global_closest,mainstem,,558.0,True,7776.0,6789.0,exact_crosswalk,15000700083497.0,0,True,0.3107,0.3015161,0.970441261667203,mainstem_clean,True,7776,True,
03100101,0310/huc8/03100101,0310/huc8/03100101 (nan),02297875,COW SLOUGH NEAR ARCADIA FL,37.2958287888384,nwis_drain_area_km2,15000700011914,nhd_first_v1b_levelpath,mainstem,,336.0,False,9192.0,7982.0,exact_crosswalk,15000700011914.0,0,True,66.77250001,67.03798,1.003975888127002,mainstem_clean,True,6331,False,
03100101,0310/huc8/03100101,0310/huc8/03100101 (nan),02298110,PRAIRIE CREEK UPSTREAM OF SR 31 NEAR FT OGDEN FL,639.845180240423,wbd_upstream_hu12_area_sqkm,15000700046866,nhd_first_v1b_gnis,tributary,Prairie Creek,460.0,False,933.0,887.0,exact_crosswalk,15000700046866.0,0,True,152.57199992,161.1263888,1.056067881947444,tributary_clean,True,772,False,
03100101,0310/huc8/03100101,0310/huc8/03100101 (nan),02298123,PRAIRIE CREEK NEAR FORT OGDEN FL,603.467229708288,nwis_contrib_drain_area_km2,15000700010471,nhd_first_v1b_gnis,tributary,Prairie Creek,460.0,False,775.0,738.0,exact_crosswalk,15000700010471.0,0,True,197.6494999,206.1826697,1.0431732425547109,tributary_clean,True,683,False,
03100101,0310/huc8/03100101,0310/huc8/03100101 (nan),02298124,PRAIRIE CREEK DOWNSTREAM NEAR FT OGDEN FL,631.957098921984,nwis_drain_area_km2,15000700058521,nhd_first_v1b_gnis,tributary,Prairie Creek,460.0,False,679.0,646.0,exact_crosswalk,15000700058521.0,0,True,626.38689987,651.3725161,1.0398884718616968,tributary_clean,True,699,False,
03100101,0310/huc8/03100101,0310/huc8/03100101 (nan),02298170,PRAIRIE CREEK ON CR 764 NEAR PUNTA GORDA FL,673.39690868736,nwis_drain_area_km2,15000700033666,nhd_first_v1b_gnis,tributary,Prairie Creek,460.0,False,536.0,506.0,exact_crosswalk,15000700033666.0,0,True,692.46139982,720.8425447,1.0409858872817712,tributary_clean,True,533,False,
03100101,0310/huc8/03100101,0310/huc8/03100101 (nan),02298202,SHELL CREEK NEAR PUNTA GORDA FL,966.065565155328,nwis_drain_area_km2,15000700057519,nhd_first_v1b_gnis,tributary,Shell Creek,558.0,True,450.0,428.0,exact_crosswalk,15000700057519.0,0,True,929.89559983,977.2443922,1.0509183959776305,tributary_clean,True,450,True,
03100101,0310/huc8/03100101,0310/huc8/03100101 (nan),02298300,PEACE RIVER AT PUNTA GORDA FL,5956.972653772799,nwis_drain_area_km2,15000700067573,nhd_first_v1b_gnis,mainstem,Peace River,558.0,True,38.0,38.0,exact_crosswalk,15000700067573.0,0,True,5229.50399912,5755.8178701,1.100643172099795,mainstem_known_nhd_offset,True,38,True,
03100101,0310/huc8/03100101,0310/huc8/03100101 (nan),274319081452000,ESTECH POND CSA OUTFALL NEAR FT. MEADE FL,0.3107985732403199,nwis_contrib_drain_area_km2,15000700094784,nhd_first_v1b_levelpath,tributary,,460.0,False,7579.0,6617.0,exact_crosswalk,15000700094784.0,0,True,0.09560001,0.0968835,1.0134256262107086,tributary_clean,True,765,False,
03100101,0310/huc8/03100101,0310/huc8/03100101 (nan),280242081531600,TENOROC DITCH (SITE 20) NEAR LAKELAND FL,159.4730888687525,wbd_upstream_hu12_area_sqkm,15000700045798,nhd_first_v1b_levelpath,canal,,460.0,False,5304.0,4617.0,exact_crosswalk,15000700045798.0,0,True,7.884700009999999,7.882879799999999,0.9997691465753052,canal_or_artificial_review,False,5304,True,
03100101,0310/huc8/03100101,0310/huc8/03100101 (nan),280441081520200,TENOROC DITCH (SITE 17B) NEAR LAKELAND FL,159.4730888687525,wbd_upstream_hu12_area_sqkm,15000700009684,nhd_first_v1b_levelpath,canal,,460.0,False,9317.0,8083.0,exact_crosswalk,15000700009684.0,0,True,8.93599996,13.7438815,1.5380350896957704,canal_or_artificial_review,False,9317,True,
03100101,0310/huc8/03100101,0310/huc8/03100101 (nan),280531081520500,TENOROC DITCH ABV STR (SITE 17A) NEAR LAKELAND FL,159.4730888687525,wbd_upstream_hu12_area_sqkm,15000700081951,nhd_first_v1b_global_closest,canal,,460.0,False,3582.0,3157.0,exact_crosswalk,15000700081951.0,0,True,4.62019998,5.5631074,1.2040836812435984,canal_or_artificial_review,False,3582,True,
03100101,0310/huc8/03100101,0310/huc8/03100101 (nan),280531081520501,TENOROC DITCH BEL STR (SITE 17A) NEAR LAKELAND FL,159.4730888687525,wbd_upstream_hu12_area_sqkm,15000700081951,nhd_first_v1b_global_closest,canal,,460.0,False,3582.0,3157.0,exact_crosswalk,15000700081951.0,0,True,4.62019998,5.5631074,1.2040836812435984,canal_or_artificial_review,False,3582,True,
03100101,0310/huc8/03100101,0310/huc8/03100101 (nan),280557081512300,TENOROC DITCH (SITE 13) NEAR LAKELAND FL,159.4730888687525,wbd_upstream_hu12_area_sqkm,15000700070177,nhd_first_v1b_global_closest,canal,,336.0,False,5157.0,4492.0,exact_crosswalk,15000700070177.0,0,True,2.04089997,2.0408926,0.999996388848004,canal_or_artificial_review,False,5157,True,
03080102,0308/huc12/030801020804,Oklawaha (FL),02239501,"SILVER RIVER NEAR OCALA, FL",53.37041654588924,meta_csv,15000300040713,nhd_first_v1b_levelpath,mainstem,,558.0,True,6.0,6.0,exact_crosswalk,15000300040713.0,0,True,34.92630009,35.298496799999995,1.010656631508087,mainstem_clean,True,5,False,
03080102,0308/huc12/030801020804,Oklawaha (FL),02239510,"SILVER RIVER NEAR CONNER, FL",53.37041654588924,meta_csv,15000300024889,nhd_first_v1b_gnis,mainstem,Silver River,558.0,True,,,missing,,1,False,51.63109997,,,exclude_from_auto_calibration,False,1,False,No chandeg.con channel for reference reach or downstream walk.
03080102,0308/huc12/030801020804,Oklawaha (FL),02239600,TRIBUTARY TO SILVER RIVER AT SH 40 NEAR OCALA FL,53.37041654588924,meta_csv,15000300040713,nhd_first_v1b_levelpath,mainstem,,558.0,True,6.0,6.0,exact_crosswalk,15000300040713.0,0,True,34.92630009,35.298496799999995,1.010656631508087,mainstem_clean,True,7,False,
03080102,0308/huc12/030801020804,Oklawaha (FL),02239601,"TRIBUTARY TO SILVER RIVER BL SH 40 NR OCALA, FL",53.37041654588924,meta_csv,15000300040713,nhd_first_v1b_levelpath,mainstem,,558.0,True,6.0,6.0,exact_crosswalk,15000300040713.0,0,True,34.92630009,35.298496799999995,1.010656631508087,mainstem_clean,True,7,False,
