catalog_model_id,workspace_model_id,label,vpuid,n_stations,n_production_assigned,n_v3_assigned,n_same_gis,n_changed_gis,pct_unchanged,n_exact_crosswalk,n_downstream_replacement,n_lake_outlet_replacement,n_canal_or_artificial_review,n_lake_outlet_review,n_missing_output_channel,n_calibration_ready,n_review,n_exclude,median_swat_nhd_ratio_cal_ready,n_cal_outside_half_to_double,n_cal_outside_0_8_1_25
01012515,0101/usgs_station/01012515,0101/usgs_station/01012515 (ME),0101,3,3,3,1,2,33.3,1,1,1,0,1,0,2,1,0,10.591051953382726,1,1
01073587,0106/usgs_station/01073587,0106/usgs_station/01073587 (NH),0106,2,2,2,0,2,0.0,2,0,0,0,0,0,2,0,0,0.8032163194774445,0,1
01109090,0109/usgs_station/01109090,0109/usgs_station/01109090 (MA),0109,1,1,1,0,1,0.0,1,0,0,0,0,0,1,0,0,1.000656567249874,0,0
01115185,0109/usgs_station/01115185,0109/usgs_station/01115185 (RI),0109,4,4,4,1,3,25.0,4,0,0,0,0,0,4,0,0,1.0004197949873315,0,0
01126000,0110/usgs_station/01126000,0110/usgs_station/01126000 (CT),0110,1,1,1,0,1,0.0,1,0,0,0,0,0,1,0,0,1.0013730850558311,0,0
01443900,0204/usgs_station/01443900,0204/usgs_station/01443900 (NJ),0204,4,4,4,0,4,0.0,4,0,0,0,0,0,4,0,0,0.799998983465247,1,2
01451800,0204/usgs_station/01451800,0204/usgs_station/01451800 (PA),0204,2,2,1,0,2,0.0,1,0,0,0,0,1,1,0,1,0.9993353514404008,0,0
01480095,0204/usgs_station/01480095,0204/usgs_station/01480095 (DE),0204,2,2,2,1,1,50.0,1,1,0,0,0,0,2,0,0,1.072336324382632,0,0
01625900,0207/usgs_station/01625900,0207/usgs_station/01625900 (VA),0207,1,1,0,0,1,0.0,0,0,0,0,0,1,0,0,1,,0,0
02135501,0304/usgs_station/02135501,0304/usgs_station/02135501 (SC),0304,4,4,3,1,3,25.0,3,0,0,0,0,1,3,0,1,0.9992650256856012,0,0
02197598,0306/usgs_station/02197598,0306/usgs_station/02197598 (GA),0306,2,2,2,1,1,50.0,2,0,0,0,0,0,2,0,0,0.9995442062958844,0,0
02231396,0308/usgs_station/02231396,0308/usgs_station/02231396 (FL),0308,1,1,1,1,0,100.0,1,0,0,0,0,0,1,0,0,0.8154923718824616,0,0
02234990,0308/usgs_station/02234990,0308/usgs_station/02234990 (FL),0308,3,3,3,2,1,66.7,2,1,0,0,1,0,1,2,0,0.9887900367179554,0,0
02239501,0308/usgs_station/02239501,0308/usgs_station/02239501 (FL),0308,4,4,3,0,4,0.0,3,0,0,0,0,1,3,0,1,1.010656631508087,0,0
02294217,0310/usgs_station/02294217,0310/usgs_station/02294217 (FL),0310,9,9,8,8,1,88.9,7,0,1,5,2,1,1,7,1,1.2227666881263664,0,0
02294405,0310/usgs_station/02294405,0310/usgs_station/02294405 (FL),0310,12,12,12,8,4,66.7,10,0,2,6,4,0,2,10,0,1.1816869234612737,0,0
02294760,0310/usgs_station/02294760,0310/usgs_station/02294760 (FL),0310,2,2,2,2,0,100.0,2,0,0,0,0,0,2,0,0,0.7407657668330644,1,1
02297600,0310/usgs_station/02297600,0310/usgs_station/02297600 (FL),0310,1,1,1,1,0,100.0,1,0,0,0,0,0,1,0,0,1.0773558562868886,0,0
02301738,0310/usgs_station/02301738,0310/usgs_station/02301738 (FL),0310,4,4,4,2,2,50.0,3,1,0,1,0,0,3,1,0,1.125735286890361,1,1
02398950,0315/usgs_station/02398950,0315/usgs_station/02398950 (AL),0315,1,1,1,0,1,0.0,1,0,0,0,0,0,1,0,0,0.9996129870450366,0,0
03075500,0502/usgs_station/03075500,0502/usgs_station/03075500 (nan),0502,5,5,5,2,3,40.0,2,2,1,0,1,0,4,1,0,1.4830504969963036,1,2
03100101,0310/huc8/03100101,0310/huc8/03100101 (nan),0310,76,76,76,38,38,50.0,61,5,10,9,13,0,54,22,0,1.1015413334762671,2,5
031001010304,0310/huc12_outlet/031001010304,0310/huc12_outlet/031001010304 (nan),0310,1,1,1,1,0,100.0,1,0,0,0,0,0,1,0,0,0.9217276684011192,0,0
03141870,0504/usgs_station/03141870,0504/usgs_station/03141870 (nan),0504,1,1,1,1,0,100.0,1,0,0,0,0,0,1,0,0,0.9992788937323986,0,0
03152000,0503/usgs_station/03152000,0503/usgs_station/03152000 (nan),0503,6,6,6,2,4,33.3,3,0,3,0,3,0,3,3,0,0.8728107204024377,1,1
03252300,0510/usgs_station/03252300,0510/usgs_station/03252300 (nan),0510,1,1,1,0,1,0.0,0,0,1,0,1,0,0,1,0,,0,0
03262001,0509/usgs_station/03262001,0509/usgs_station/03262001 (KY),0509,1,1,1,0,1,0.0,1,0,0,0,0,0,1,0,0,1.0126142424377096,0,0
03302300,0514/usgs_station/03302300,0514/usgs_station/03302300 (IN),0514,1,1,1,0,1,0.0,1,0,0,0,0,0,1,0,0,1.023825910931174,0,0
03345000,0512/usgs_station/03345000,0512/usgs_station/03345000 (IL),0512,9,9,9,5,4,55.6,4,1,4,0,4,0,5,4,0,0.9995294093289756,0,0
03441440,0601/usgs_station/03441440,0601/usgs_station/03441440 (NC),0601,1,1,1,0,1,0.0,1,0,0,0,0,0,1,0,0,1.0000124416497789,0,0
03565250,0602/usgs_station/03565250,0602/usgs_station/03565250 (TN),0602,4,4,4,1,3,25.0,3,1,0,0,0,0,4,0,0,1.0160963368064462,1,1
0407809265,0403/usgs_station/0407809265,0403/usgs_station/0407809265 (WI),0403,1,1,1,1,0,100.0,1,0,0,0,0,0,1,0,0,1.00008129799907,0,0
04080206,0408/huc8/04080206,0408/huc8/04080206 (nan),0408,2,2,2,1,1,50.0,1,0,1,0,1,0,1,1,0,0.0043595707623382,1,1
040900010212,0409/huc12_outlet/040900010212,0409/huc12_outlet/040900010212 (nan),0409,2,2,1,0,2,0.0,1,0,0,0,0,1,1,0,1,1.0078730909752835,0,0
04160398,0409/usgs_station/04160398,0409/usgs_station/04160398 (MI),0409,1,1,1,0,1,0.0,1,0,0,0,0,0,1,0,0,1.006615278937917,0,0
04288295,0430/usgs_station/04288295,0430/usgs_station/04288295 (VT),0430,4,4,4,4,0,100.0,4,0,0,0,0,0,4,0,0,1.0001032855253231,0,0
05536265,0712/usgs_station/05536265,0712/usgs_station/05536265 (IL),0712,2,2,2,1,1,50.0,2,0,0,1,0,0,1,1,0,1.0264157199153163,0,0
05580950,0713/usgs_station/05580950,0713/usgs_station/05580950 (IL),0713,1,1,0,0,1,0.0,0,0,0,0,0,1,0,0,1,,0,0
06230500,1008/usgs_station/06230500,1008/usgs_station/06230500 (WY),1008,10,10,10,3,7,30.0,6,1,3,1,3,0,6,4,0,1.0713075601153592,0,1
06439430,1012/usgs_station/06439430,1012/usgs_station/06439430 (SD),1012,1,1,0,0,1,0.0,0,0,0,0,0,1,0,0,1,,0,0
06445590,1014/usgs_station/06445590,1014/usgs_station/06445590 (NE),1014,1,1,1,1,0,100.0,1,0,0,0,0,0,1,0,0,1.0047776085385816,0,0
07062575,1101/usgs_station/07062575,1101/usgs_station/07062575 (MO),1101,9,9,9,4,5,44.4,7,0,2,0,3,0,6,3,0,0.9313796835317996,0,0
07174000,1107/usgs_station/07174000,1107/usgs_station/07174000 (KS),1107,3,3,2,1,2,33.3,1,1,0,0,0,1,1,1,1,1.001232819819498,0,0
07375300,0807/usgs_station/07375300,0807/usgs_station/07375300 (LA),0807,2,2,2,0,2,0.0,2,0,0,0,0,0,2,0,0,0.8596501648739336,0,1
08380400,1306/usgs_station/08380400,1306/usgs_station/08380400 (NM),1306,7,7,7,0,7,0.0,4,3,0,0,0,0,7,0,0,1.0122375451703174,1,1
09312500,1406/usgs_station/09312500,1406/usgs_station/09312500 (UT),1406,3,3,3,2,1,66.7,3,0,0,0,0,0,3,0,0,0.9991385461841124,0,0
09426500,1503/usgs_station/09426500,1503/usgs_station/09426500 (AZ),1503,1,1,1,0,1,0.0,1,0,0,0,0,0,1,0,0,1.0133381304374678,0,0
09471300,1505/usgs_station/09471300,1505/usgs_station/09471300 (AZ),1505,3,3,3,1,2,33.3,3,0,0,0,0,0,3,0,0,0.9990752461645556,0,1
09513860,1507/usgs_station/09513860,1507/usgs_station/09513860 (AZ),1507,1,1,1,0,1,0.0,1,0,0,0,0,0,1,0,0,0.997871764662269,0,0
10246940,1606/usgs_station/10246940,1606/usgs_station/10246940 (NV),1606,1,1,1,0,1,0.0,1,0,0,0,0,0,1,0,0,1.030397405050334,0,0
10348850,1605/usgs_station/10348850,1605/usgs_station/10348850 (NV),1605,2,2,2,1,1,50.0,1,1,0,0,0,0,2,0,0,1.0558463738071788,0,0
11152650,1806/usgs_station/11152650,1806/usgs_station/11152650 (CA),1806,2,2,2,0,2,0.0,0,2,0,1,0,0,1,1,0,1.0549246595394473,0,0
11176145,1805/usgs_station/11176145,1805/usgs_station/11176145 (CA),1805,4,4,4,1,3,25.0,1,3,0,0,0,0,2,2,0,1.1021543471861288,0,0
11458000,1805/usgs_station/11458000,1805/usgs_station/11458000 (CA),1805,10,10,10,5,5,50.0,8,2,0,0,0,0,10,0,0,1.0218692948384347,0,0
11481200,1801/usgs_station/11481200,1801/usgs_station/11481200 (CA),1801,1,1,1,0,1,0.0,1,0,0,0,0,0,1,0,0,1.004520298986287,0,0
13329500,1706/usgs_station/13329500,1706/usgs_station/13329500 (OR),1706,1,1,1,0,1,0.0,0,1,0,0,0,0,1,0,0,0.9012730653822528,0,0
14013500,1707/usgs_station/14013500,1707/usgs_station/14013500 (WA),1707,1,1,1,0,1,0.0,1,0,0,0,0,0,1,0,0,1.002852173628914,0,0
14111700,1707/usgs_station/14111700,1707/usgs_station/14111700 (WA),1707,1,1,1,0,1,0.0,1,0,0,0,0,0,1,0,0,0.9994404523015248,0,0
14161500,1709/usgs_station/14161500,1709/usgs_station/14161500 (OR),1709,4,4,4,1,3,25.0,4,0,0,0,0,0,4,0,0,0.999169279522333,0,0
15060105,1506/huc8/15060105,1506/huc8/15060105 (nan),1506,4,4,4,0,4,0.0,3,1,0,0,0,0,3,1,0,1.0001827107847796,0,0
