model_id,vpuid,level,site_no,model_kind,state_abbr,state_resolved,basin_area_sqkm,n_hrus,n_channels,n_ls_units,n_subbasins,n_catchments,n_lakes,dem_resolution_m,generation_wall_min
0310/huc8/03100101,0310,huc8,03100101,huc8,,N,,94303,8181,9341,,,,,67.58333333333333
0204/usgs_station/01480095,0204,huc12,01480095,usgs_station,DE,Y,25.250900047331932,909,49,48,1,48,,29.733820855707243,
1605/usgs_station/10348850,1605,huc12,10348850,usgs_station,NV,Y,49.05890005981741,769,39,39,2,39,,30.064437861711948,0.18333333333333332
1707/usgs_station/14013500,1707,huc12,14013500,usgs_station,WA,Y,51.206600023191974,2344,379,378,1,378,,30.033528365787433,0.95
0308/usgs_station/02239501,0308,huc12,02239501,usgs_station,FL,Y,52.63599994870866,473,45,53,4,53,4,30.01016003299642,0.13333333333333333
0712/usgs_station/05536265,0712,huc12,05536265,usgs_station,IL,Y,58.936100039158895,1573,206,205,8,205,,29.921826471866037,
1709/usgs_station/14161500,1709,huc12,14161500,usgs_station,OR,Y,63.66760006557462,1316,790,760,8,760,,29.995589204588864,0.4666666666666667
0508/huc12_outlet/050800010801,0508,huc12,050800010801,huc12_outlet,,N,65.96529990210622,824,43,43,1,43,,29.894008172086526,
0514/usgs_station/03302300,0514,huc12,03302300,usgs_station,IN,Y,67.93560010040355,9439,1659,1625,4,1625,,30.052629431229903,
0310/usgs_station/02294760,0310,huc12,02294760,usgs_station,FL,Y,75.37840016582275,1052,34,35,12,35,1,30.090757481837667,0.4
1706/usgs_station/13329500,1706,huc12,13329500,usgs_station,OR,Y,82.1688999148543,1453,533,527,1,527,,29.987009412503127,
0109/usgs_station/01115185,0109,huc12,01115185,usgs_station,RI,Y,85.34380014136453,3999,332,353,1,353,4,29.879916067101885,
0509/usgs_station/03262001,0509,huc12,03262001,usgs_station,KY,Y,85.50109994140756,6469,770,750,1,750,,30.02890581278087,
0109/usgs_station/01109090,0109,huc12,01109090,usgs_station,MA,Y,89.7420000198878,4578,291,313,1,313,4,29.879916067101885,
0713/usgs_station/05580950,0713,huc12,05580950,usgs_station,IL,Y,94.97540006260034,2553,94,94,3,94,,29.926309829057026,
1711/usgs_station/12096865,1711,huc12,12096865,usgs_station,WA,Y,97.06319996102793,4638,1147,1120,2,1120,,29.866750516731546,2.4833333333333334
0310/usgs_station/02301738,0310,huc12,02301738,usgs_station,FL,Y,105.77800007740225,2794,338,330,12,330,,30.090757481837667,0.7166666666666667
0601/usgs_station/03441440,0601,huc12,03441440,usgs_station,NC,Y,107.23760016507495,11824,2397,2430,4,2430,4,29.97945798279884,
0207/usgs_station/01625900,0207,huc12,01625900,usgs_station,VA,Y,107.68500003317592,2754,234,231,2,231,,29.940877808003258,
1801/usgs_station/11481200,1801,huc12,11481200,usgs_station,CA,Y,116.00820016066137,2228,159,159,1,159,,30.05578716458776,
1707/usgs_station/14111700,1707,huc12,14111700,usgs_station,WA,Y,125.91909984502732,4348,472,468,1,468,,30.033528365787433,
1014/usgs_station/06445590,1014,huc12,06445590,usgs_station,NE,Y,128.45359980259926,5010,505,504,1,504,,30.07702001803915,
0315/usgs_station/02398950,0315,huc12,02398950,usgs_station,AL,Y,128.59260009883732,5911,457,445,2,445,1,29.894258793124283,
0309/usgs_station/02270000,0309,huc12,02270000,usgs_station,FL,Y,144.31059989682714,1603,65,81,10,81,5,30.195632239990893,0.36666666666666664
0404/usgs_station/04087257,0404,huc12,04087257,usgs_station,WI,Y,147.55819991531354,1512,147,145,4,145,,29.901760996222553,
0406/usgs_station/04124500,0406,huc12,04124500,usgs_station,MI,Y,158.04299987537289,5549,216,223,11,223,1,29.93867563693238,2.216666666666667
0310/usgs_station/02294217,0310,huc12,02294217,usgs_station,FL,Y,159.378299982508,3302,174,231,6,231,13,30.090757481837667,0.75
0310/huc12_outlet/031001010304,0310,huc12,031001010304,huc12_outlet,,N,165.37830010349566,3281,247,289,8,289,10,30.090757481837667,
0306/usgs_station/02197598,0306,huc12,02197598,usgs_station,GA,Y,166.58350013781362,7650,529,532,1,532,3,29.90024643614425,
0101/usgs_station/01012515,0101,huc12,01012515,usgs_station,ME,Y,176.51970024941397,2543,71,82,2,82,3,30.043404494327454,
0106/usgs_station/01073587,0106,huc12,01073587,usgs_station,NH,Y,186.84190013820478,10736,760,773,3,773,8,29.910537979281163,
0310/usgs_station/02297600,0310,huc12,02297600,usgs_station,FL,Y,189.11920001342727,778,37,36,4,36,,30.090757481837667,3.0833333333333335
0110/usgs_station/01126000,0110,huc12,01126000,usgs_station,CT,Y,197.81759994032092,8809,1133,1199,3,1199,22,29.892406063159736,
1507/usgs_station/09513860,1507,huc12,09513860,usgs_station,AZ,Y,198.7486000105401,3926,459,457,4,457,,30.07435458030503,
1805/usgs_station/11176145,1805,huc12,11176145,usgs_station,CA,Y,202.66559999169115,4242,385,384,6,384,,30.044438440738563,
0204/usgs_station/01451800,0204,huc12,01451800,usgs_station,PA,Y,213.38559982414375,9296,520,503,4,503,,29.733820855707243,
0308/usgs_station/02231396,0308,huc12,02231396,usgs_station,FL,Y,226.7153001304532,1968,216,221,6,221,3,30.01016003299642,0.5166666666666667
0504/usgs_station/03141870,0504,huc12,03141870,usgs_station,,N,237.40319998096567,9920,579,575,3,575,,29.8711317682131,
0404/huc12_outlet/040400010207,0404,huc12,040400010207,huc12_outlet,,N,254.11759993203026,7385,593,617,9,617,5,29.901760996222553,
1306/usgs_station/08380400,1306,huc12,08380400,usgs_station,NM,Y,254.49560009402512,3187,423,423,8,423,,29.893296067598616,
0403/usgs_station/0407809265,0403,huc12,0407809265,usgs_station,WI,Y,262.2424002232432,3974,121,116,3,116,1,29.98325787145606,
0308/usgs_station/02234990,0308,huc12,02234990,usgs_station,FL,Y,263.7834001273948,3823,166,204,8,204,9,30.01016003299642,0.8166666666666667
1406/usgs_station/09312500,1406,huc12,09312500,usgs_station,UT,Y,264.10469991912777,4584,434,432,3,432,,30.010263636960595,
1020/huc12_outlet/102002030803,1020,huc12,102002030803,huc12_outlet,,N,270.50440009014267,1786,123,123,2,123,,30.291105403222648,
0430/usgs_station/04288295,0430,huc12,04288295,usgs_station,VT,Y,290.03280005540717,13344,1239,1282,4,1282,2,29.963644606080916,
1806/usgs_station/11152650,1806,huc12,11152650,usgs_station,CA,Y,290.8198000781209,11295,1484,1484,3,1484,1,29.974560586309337,
1012/usgs_station/06439430,1012,huc12,06439430,usgs_station,SD,Y,315.78380001458555,9621,1142,1134,8,1134,,30.049316794113995,
0602/usgs_station/03565250,0602,huc12,03565250,usgs_station,TN,Y,344.91549989952455,18244,875,845,12,845,,30.0121483613936,
0309/usgs_station/02271500,0309,huc12,02271500,usgs_station,FL,Y,348.01670005335353,4397,283,342,15,342,16,30.195632239990893,1.0833333333333333
0310/usgs_station/02294405,0310,huc12,02294405,usgs_station,FL,Y,370.1578998523043,7487,371,480,12,480,28,30.090757481837667,2.6333333333333333
1606/usgs_station/10246940,1606,huc12,10246940,usgs_station,NV,Y,392.3439999652055,3046,379,378,9,378,,30.016877217824728,
0204/usgs_station/01443900,0204,huc12,01443900,usgs_station,NJ,Y,450.213600216584,21296,2664,2598,112,2598,19,29.733820855707243,
0502/usgs_station/03075500,0502,huc12,03075500,usgs_station,,N,478.8362999580184,16386,667,696,4,696,7,29.783192640683353,
0409/huc12_outlet/040900010212,0409,huc12,040900010212,huc12_outlet,,N,479.7932977976821,10702,561,555,5,555,2,29.966487625220953,
0510/usgs_station/03252300,0510,huc12,03252300,usgs_station,,N,488.05909989933247,18988,1323,1309,7,1309,,29.95304089646987,
0409/usgs_station/04160398,0409,huc12,04160398,usgs_station,MI,Y,504.25839438684665,9790,489,484,7,484,,29.966487625220953,
0408/usgs_station/04148140,0408,huc12,04148140,usgs_station,MI,Y,531.0024890653466,2530,35,35,3,35,10,250.0,
1505/usgs_station/09471300,1505,huc12,09471300,usgs_station,AZ,Y,580.2613000961165,11284,1371,1367,12,1367,,30.032802374763293,
0408/huc8/04080206,0408,huc8,04080206,huc8,,N,650.4445000884176,5976,579,596,12,596,1,29.987667008827287,
1503/usgs_station/09426500,1503,huc12,09426500,usgs_station,AZ,Y,681.8076001291481,4008,597,588,7,588,,30.005891118867563,
1805/usgs_station/11458000,1805,huc12,11458000,usgs_station,CA,Y,733.3556999841746,21980,2512,2552,17,2552,5,30.044438440738563,
0309/usgs_station/02269520,0309,huc12,02269520,usgs_station,FL,Y,791.5798999767048,6987,386,485,25,485,17,30.195632239990893,1.95
0807/usgs_station/07375300,0807,huc12,07375300,usgs_station,LA,Y,824.9490921524555,28570,1826,1816,32,1816,2,29.988391073707447,
0503/usgs_station/03152000,0503,huc12,03152000,usgs_station,,N,1017.1002003246924,19530,1615,1606,10,1606,1,29.819279068395346,
1107/usgs_station/07174000,1107,huc12,07174000,usgs_station,KS,Y,1116.2794001154034,36855,2370,2432,9,2432,15,30.002830559925115,17.033333333333335
0304/usgs_station/02135501,0304,huc12,02135501,usgs_station,SC,Y,1168.3483000033646,35137,4467,4499,13,4499,21,29.908554173929833,
1008/usgs_station/06230500,1008,huc12,06230500,usgs_station,WY,Y,1712.3916999651142,21532,2657,2818,54,2818,35,30.00913536713842,
1506/huc8/15060105,1506,huc8,15060105,huc8,,N,2715.832699755679,51685,17296,17266,28,17266,,30.07643604238875,
1101/usgs_station/07062575,1101,huc12,07062575,usgs_station,MO,Y,2940.951299796921,77493,5788,5844,40,5844,10,30.035684816670322,
0512/usgs_station/03345000,0512,huc12,03345000,usgs_station,IL,Y,3868.558899617087,79467,5456,5421,64,5421,5,29.902289628081704,
