date,basin_perc_mm,gw_mean_head_m,gw_max_head_m
2022-01-01,0.0,232.46952237359625,261.618997
2022-01-02,0.0,232.46636171239678,261.618997
2022-01-03,0.0,232.46333395150668,261.618997
2022-01-04,0.0,232.4603737067323,261.618997
2022-01-05,0.0,232.4574703156707,261.618997
2022-01-06,0.0,232.45461987999903,261.618997
2022-01-07,0.0,232.45181909452722,261.618997
2022-01-08,0.0,232.44906390507973,261.618997
2022-01-09,0.0,232.44635153256726,261.618997
2022-01-10,0.0,232.44367929977804,261.618997
2022-01-11,0.0,232.44104456743327,261.618997
2022-01-12,0.0,232.4384450758672,261.618997
2022-01-13,0.0,232.4358793340504,261.618997
2022-01-14,0.0,232.4333453132239,261.618997
2022-01-15,0.0,232.43084198177257,261.618997
2022-01-16,0.0,232.4283682198003,261.618997
2022-01-17,0.0,232.42592297522057,261.618997
2022-01-18,0.0,232.4235050713649,261.618997
2022-01-19,0.0,232.4211136772964,261.618997
2022-01-20,0.0,232.41874798783155,261.618997
2022-01-21,0.0,232.41640696322403,261.618997
2022-01-22,0.0,232.414089612261,261.618997
2022-01-23,0.0,232.41179516139837,261.618997
2022-01-24,0.0,232.4095228450429,261.618997
2022-01-25,0.0,232.40727180699855,261.618997
2022-01-26,0.0,232.405041243033,261.618997
2022-01-27,0.0,232.40283016938446,261.618997
2022-01-28,0.0,232.40063831049594,261.618997
2022-01-29,0.0,232.39846491015913,261.618997
2022-01-30,0.0,232.3963094197234,261.618997
2022-01-31,0.0,232.39417138040866,261.618997
2022-02-01,0.0,232.39205022796435,261.618997
2022-02-02,0.0,232.38994573242562,261.618997
2022-02-03,0.0,232.38785754533765,261.618997
2022-02-04,0.0,232.38578525970968,261.618997
2022-02-05,0.0,232.38372856763192,261.618997
2022-02-06,0.0,232.38168703470083,261.618997
2022-02-07,0.0,232.3796604430596,261.618997
2022-02-08,0.0,232.37764851671568,261.618997
2022-02-09,0.0,232.37565101732392,261.618997
2022-02-10,0.0,232.37366767349943,261.618997
2022-02-11,0.0,232.37169824966782,261.618997
2022-02-12,0.0,232.3697423225766,261.618997
2022-02-13,0.0,232.3677997262547,261.618997
2022-02-14,0.0,232.36586966549234,261.618997
2022-02-15,0.0,232.36395216833745,261.618997
2022-02-16,0.0,232.3620469598649,261.618997
2022-02-17,0.0,232.36015384639862,261.618997
2022-02-18,0.0,232.35827265252104,261.618997
2022-02-19,0.0,232.35640319760998,261.618997
2022-02-20,0.0,232.35454530750152,261.618997
2022-02-21,0.0,232.3526988198228,261.618997
2022-02-22,0.0,232.3508635708157,261.618997
2022-02-23,0.0,232.34903940261808,261.618997
2022-02-24,0.0,232.34722615612566,261.618997
2022-02-25,0.0,232.34542370041004,261.618997
2022-02-26,0.0,232.34363188147378,261.618997
2022-02-27,0.0,232.3418504407474,261.618997
2022-02-28,0.0,232.34007925097077,261.618997
2022-03-01,0.0,232.33831811107513,261.618997
2022-03-02,0.0,232.33656690253832,261.618997
2022-03-03,0.0,232.33482543704827,261.618997
2022-03-04,0.0,232.33309352581202,261.618997
2022-03-05,0.0,232.33137107024328,261.618997
2022-03-06,0.0,232.32965793401135,261.618997
2022-03-07,4.826203146873045e-05,232.32795415742046,261.618997
2022-03-08,0.00020438273819819682,232.32625993796083,261.618997
2022-03-09,0.00020296361708903145,232.32457451931194,261.618997
2022-03-10,0.00020155544090827407,232.32289829014442,261.618997
2022-03-11,0.00020015815930509164,232.3212300618329,261.618997
2022-03-12,0.00019877172830642332,232.3195701700962,261.618997
2022-03-13,0.00019739604318253648,232.31791858023016,261.618997
2022-03-14,0.00019603093374761553,232.3162752234842,261.618997
2022-03-15,0.0001936861149232266,232.31463999763358,261.618997
2022-03-16,0.00035915524841622417,232.31301334405342,261.618997
2022-03-17,0.0003522516208621785,232.31139450958585,261.618997
2022-03-18,0.0004014592576798157,232.30978365445256,261.618997
2022-03-19,0.0007165695704582856,232.30818147467457,261.618997
2022-03-20,0.0007575709466075743,232.30658704717766,261.618997
2022-03-21,0.000976613288549587,232.3050003076968,261.618997
2022-03-22,0.0009619464681887115,232.30342096859104,261.618997
2022-03-23,0.001296140790619406,232.30184999613925,261.618997
2022-03-24,0.0032815324196450654,232.3002912099175,261.618997
2022-03-25,0.00991998286546206,232.29877241751808,261.618997
2022-03-26,0.020706902683017198,232.29729298393332,261.618997
2022-03-27,0.021318009384485002,232.2958183172656,261.618997
2022-03-28,0.02091536640423216,232.29434754726353,261.618997
2022-03-29,0.019821287236690178,232.29287976461598,261.618997
2022-03-30,0.019293306923759565,232.29141553265376,261.618997
2022-03-31,0.02028469389312407,232.28995958719224,261.618997
2022-04-01,0.10116869314990946,232.28884072244907,261.618997
2022-04-02,0.0979676170466452,232.28770336649293,261.618997
2022-04-03,0.09520743479007299,232.286554178295,261.618997
2022-04-04,0.1652374420250872,232.2857427899794,261.618997
2022-04-05,0.18502115666131852,232.28502522017192,261.618997
2022-04-06,0.22797216841643705,232.28449720946216,261.618997
2022-04-07,0.36590834771596065,232.2845197805282,261.618997
2022-04-08,0.8795106251341466,232.28680797587313,261.618997
2022-04-09,0.9329198567344866,232.28931588004568,261.618997
2022-04-10,0.9207688826066481,232.29167098565262,261.618997
2022-04-11,1.2530377874684633,232.2955868347733,261.618997
2022-04-12,1.2957400827392769,232.2996221227492,261.618997
2022-04-13,1.2627388876438828,232.30340523766654,261.618997
2022-04-14,1.3888934438730072,232.30764765645492,261.618997
2022-04-15,1.3446380270642484,232.31157738811663,261.618997
2022-04-16,1.301831607952937,232.31523656263855,261.618997
2022-04-17,1.2603806558589714,232.31864418505387,261.618997
2022-04-18,1.220212912371933,232.3218089469083,261.618997
2022-04-19,1.1816268859263763,232.3247424102743,261.618997
2022-04-20,1.148500129082182,232.3274676082137,261.618997
2022-04-21,1.3100249903864711,232.3308392506039,261.618997
2022-04-22,1.268932218337858,232.33395339977375,261.618997
2022-04-23,1.2490169111917282,232.33691995440796,261.618997
2022-04-24,1.209904681871629,232.33966364585717,261.618997
2022-04-25,1.2420502501672224,232.3424979480109,261.618997
2022-04-26,1.203844650660157,232.34511821602356,261.618997
2022-04-27,1.1702062230274441,232.34755086272392,261.618997
2022-04-28,1.1366325223499827,232.34980450499344,261.618997
2022-04-29,1.1012766413351363,232.35187372179564,261.618997
2022-04-30,1.0670107169709584,232.35376697322812,261.618997
2022-05-01,1.286289506789129,232.3565654834892,261.618997
2022-05-02,1.2471725623523418,232.35912673123485,261.618997
2022-05-03,1.2088294892844411,232.3614799776607,261.618997
2022-05-04,1.3076115028314235,232.36420413026278,261.618997
2022-05-05,1.2670196135355136,232.3666991014535,261.618997
2022-05-06,1.2277430629897164,232.36898944970764,261.618997
2022-05-07,1.1892059399943105,232.37108632337043,261.618997
2022-05-08,1.151865726522044,232.3730010488726,261.618997
2022-05-09,1.115641105719701,232.37474236027668,261.618997
2022-05-10,1.0803217395799098,232.37631358187505,261.618997
2022-05-11,1.0469061737475165,232.377732843959,261.618997
2022-05-12,1.435911618321888,232.3807891943015,261.618997
2022-05-13,1.3886775793029362,232.38356279887543,261.618997
2022-05-14,1.3445186921218546,232.38610762707637,261.618997
2022-05-15,1.3018921304996476,232.38843928219194,261.618997
2022-05-16,1.2609237157552982,232.3905714016087,261.618997
2022-05-17,1.2210855286976958,232.39251638805646,261.618997
2022-05-18,1.1832803767058255,232.39428267874516,261.618997
2022-05-19,1.1467943076420233,232.3958837817366,261.618997
2022-05-20,1.1120762598582623,232.3973293344632,261.618997
2022-05-21,1.0779753843756295,232.3986253828527,261.618997
2022-05-22,1.0454474540933059,232.39978105856989,261.618997
2022-05-23,1.0138294773856804,232.4008043498112,261.618997
2022-05-24,0.9824673258587866,232.40169684960998,261.618997
2022-05-25,0.952977285689652,232.40246920164893,261.618997
2022-05-26,0.934299160625373,232.4031596952936,261.618997
2022-05-27,0.9090815657119505,232.40375508129017,261.618997
2022-05-28,0.8823559917563053,232.40424401813584,261.618997
2022-05-29,0.855913700825138,232.4046316180675,261.618997
2022-05-30,0.8300470452860419,232.40492259153615,261.618997
2022-05-31,0.8045779909409428,232.4051197378126,261.618997
2022-06-01,0.7806397945965484,232.40522957799007,261.618997
2022-06-02,0.7580318615303903,232.40525792123603,261.618997
2022-06-03,0.7351855044182259,232.40520525003421,261.618997
2022-06-04,0.7120655496176507,232.40507259966424,261.618997
2022-06-05,0.6903034098190881,232.40486570708904,261.618997
2022-06-06,0.6726463517789831,232.4045975112594,261.618997
2022-06-07,0.6568310883159981,232.40427517341396,261.618997
2022-06-08,0.6386404626374104,232.40389309426558,261.618997
2022-06-09,0.6313704908191456,232.4034847885441,261.618997
2022-06-10,0.6137017180357398,232.40301957938732,261.618997
2022-06-11,0.596282979272404,232.40249983825922,261.618997
2022-06-12,0.5789406406238534,232.40192681746476,261.618997
2022-06-13,0.5616399480717146,232.40130123647285,261.618997
2022-06-14,0.5461029142136223,232.40062892118283,261.618997
2022-06-15,0.5313512259956408,232.39991354062417,261.618997
2022-06-16,0.5224405111696999,232.39917215763484,261.618997
2022-06-17,0.5082052345923245,232.39838979674994,261.618997
2022-06-18,0.4934046735758936,232.3975650955505,261.618997
2022-06-19,0.4786951259434979,232.3966987434987,261.618997
2022-06-20,0.46487666835058705,232.3957936789574,261.618997
2022-06-21,0.4525151522850269,232.39485556084298,261.618997
2022-06-22,0.4391696764966074,232.39388151684074,261.618997
2022-06-23,0.42602620010663583,232.3928730448542,261.618997
2022-06-24,0.41371037386430204,232.3918333492037,261.618997
2022-06-25,0.40196153032903925,232.39076471857982,261.618997
2022-06-26,0.390467287918757,232.38966823268152,261.618997
2022-06-27,0.37962125870480995,232.3885460350482,261.618997
2022-06-28,0.3693978282390582,232.38739997684402,261.618997
2022-06-29,0.36008756300295164,232.38623274463743,261.618997
2022-06-30,0.3511235626029402,232.38504583481338,261.618997
2022-07-01,0.3458527860856551,232.38384934391823,261.618997
2022-07-02,0.3374422903349823,232.3826345199753,261.618997
2022-07-03,0.3290743494954873,232.38140220255048,261.618997
2022-07-04,0.3209223183430454,232.38015322488963,261.618997
2022-07-05,0.31352406865281046,232.37889018440333,261.618997
2022-07-06,0.306162166359473,232.3776133490193,261.618997
2022-07-07,0.29899091206415973,232.37632369539645,261.618997
2022-07-08,0.291871380750277,232.37502129560025,261.618997
2022-07-09,0.2849226177670985,232.3737066125617,261.618997
2022-07-10,0.27794500281915535,232.3723797749558,261.618997
2022-07-11,0.27125053649044567,232.37104203646268,261.618997
2022-07-12,0.265535121071003,232.36969625466622,261.618997
2022-07-13,0.26815746424032066,232.36836296338907,261.618997
2022-07-14,0.28286078826960354,232.36710134334746,261.618997
2022-07-15,0.27646499221351795,232.3658259420394,261.618997
2022-07-16,0.28554906066236296,232.36460109592542,261.618997
2022-07-17,0.27903877106908664,232.36336165634128,261.618997
2022-07-18,0.27261550249077027,232.3621090915946,261.618997
2022-07-19,0.26620702799276197,232.36084355904777,261.618997
2022-07-20,0.26163687925464124,232.3595732057096,261.618997
2022-07-21,0.25574382342216734,232.3582916955348,261.618997
2022-07-22,0.24979119405348796,232.35699931356993,261.618997
2022-07-23,0.24376688656047393,232.3556960430622,261.618997
2022-07-24,0.3315542765845125,232.35477723486775,261.618997
2022-07-25,0.3250846390715307,232.35383083691644,261.618997
2022-07-26,0.31722174031354666,232.3528582849849,261.618997
2022-07-27,0.3095183536765158,232.35186151977018,261.618997
2022-07-28,0.301938557412542,232.3508418337008,261.618997
2022-07-29,0.2946349198697282,232.3498003475696,261.618997
2022-07-30,0.287496080097222,232.3487383474484,261.618997
2022-07-31,0.2803196597755598,232.34765619748677,261.618997
2022-08-01,0.2733751121763101,232.34655527843222,261.618997
2022-08-02,0.26723708239149696,232.34543804578652,261.618997
2022-08-03,0.2938781096317297,232.34444318002483,261.618997
2022-08-04,0.3258314491884461,232.3435748009814,261.618997
2022-08-05,0.31787682101997566,232.3426766582527,261.618997
2022-08-06,0.3100185528570578,232.34175211548128,261.618997
2022-08-07,0.31810019647567134,232.34087016493098,261.618997
2022-08-08,0.3515017721696679,232.34012764838064,261.618997
2022-08-09,0.3932333666518807,232.339555508171,261.618997
2022-08-10,0.3831590803589503,232.33894013894724,261.618997
2022-08-11,0.3732606637582009,232.3382861383461,261.618997
2022-08-12,0.3634613117729157,232.33759528845414,261.618997
2022-08-13,0.3536626648959651,232.33686857373692,261.618997
2022-08-14,0.38056554681290267,232.33625474347585,261.618997
2022-08-15,0.37096666701373915,232.33560230866092,261.618997
2022-08-16,0.36152264948349283,232.33491436338767,261.618997
2022-08-17,0.3521543855484824,232.3341926107393,261.618997
2022-08-18,0.34322245549757163,232.33343923625495,261.618997
2022-08-19,0.33423936550937133,232.33265490668563,261.618997
2022-08-20,0.3295157078657581,232.33185770151275,261.618997
2022-08-21,0.321543432597117,232.33103323741113,261.618997
2022-08-22,0.3138051710532227,232.3301829977552,261.618997
2022-08-23,0.3059035471413655,232.32930745944222,261.618997
2022-08-24,0.29797281550498106,232.32840732576796,261.618997
2022-08-25,0.2907158053367492,232.32748514418867,261.618997
2022-08-26,0.28440567347384127,232.3265443514681,261.618997
2022-08-27,0.2775656568881698,232.3255836626353,261.618997
2022-08-28,0.2705863529326944,232.3246030755206,261.618997
2022-08-29,0.33828055006470364,232.32390618729593,261.618997
2022-08-30,0.36416514839940184,232.32331595820236,261.618997
2022-08-31,0.3550279474423473,232.32268686492898,261.618997
2022-09-01,0.34600008677988586,232.32202274865807,261.618997
2022-09-02,0.3372050844512881,232.32132568852433,261.618997
2022-09-03,0.3286711820124322,232.3205974654537,261.618997
2022-09-04,0.32033172896395207,232.31983974551727,261.618997
2022-09-05,0.31253071224721146,232.31905467898764,261.618997
2022-09-06,0.30493760737448883,232.3182437280838,261.618997
2022-09-07,0.29730050946891307,232.31740764453176,261.618997
2022-09-08,0.2895697762042912,232.31654684758385,261.618997
2022-09-09,0.2820463148951145,232.315662612361,261.618997
2022-09-10,0.27482225856713377,232.31475626732362,261.618997
2022-09-11,0.2679327319148102,232.31382922766596,261.618997
2022-09-12,0.2850914206414238,232.31297630411686,261.618997
2022-09-13,0.27893430393609286,232.31210228393084,261.618997
2022-09-14,0.2851557914408131,232.31126432096195,261.618997
2022-09-15,0.27845504370219576,232.31040312939993,261.618997
2022-09-16,0.27193385582462104,232.30952064138827,261.618997
2022-09-17,0.26559469596501317,232.30861806959714,261.618997
2022-09-18,0.25943519355493244,232.30769651200396,261.618997
2022-09-19,0.2534074588624818,232.30675688198195,261.618997
2022-09-20,0.2476735995473925,232.30580036264936,261.618997
2022-09-21,0.24835194827258175,232.30485779499654,261.618997
2022-09-22,0.24286053171746189,232.30389838760564,261.618997
2022-09-23,0.23764857128528855,232.30292374775257,261.618997
2022-09-24,0.2338933563533073,232.30194097538134,261.618997
2022-09-25,0.24506947243803257,232.30102460748876,261.618997
2022-09-26,0.3460716514695578,232.3005526844895,261.618997
2022-09-27,0.48304471031574137,232.3006371182774,261.618997
2022-09-28,0.4850090839567761,232.30070705830803,261.618997
2022-09-29,0.4722569449448439,232.30070974008174,261.618997
2022-09-30,0.45984928554709037,232.30065001723358,261.618997
2022-10-01,0.447781492497874,232.3005323720376,261.618997
2022-10-02,0.436046130934544,232.30035978165753,261.618997
2022-10-03,0.424657798628584,232.3001351787469,261.618997
2022-10-04,0.4136263959400119,232.2998613499113,261.618997
2022-10-05,0.40300238236583974,232.2995410704256,261.618997
2022-10-06,0.3928274524126757,232.29917709230085,261.618997
2022-10-07,0.42553508207735574,232.2989570998723,261.618997
2022-10-08,0.4209459908828595,232.29871421465145,261.618997
2022-10-09,0.4102975779375859,232.29842334577975,261.618997
2022-10-10,0.39995425494733144,232.29808756537085,261.618997
2022-10-11,0.38990199610835796,232.29770918151047,261.618997
2022-10-12,0.5582389518636773,232.29807115337695,261.618997
2022-10-13,0.7002363237510019,232.29902061917807,261.618997
2022-10-14,0.743354290817128,232.3001191629012,261.618997
2022-10-15,0.7599771973611377,232.3012552139718,261.618997
2022-10-16,0.738741770502946,232.3022661881139,261.618997
2022-10-17,0.7741723443740117,232.30340272346666,261.618997
2022-10-18,0.9566287921789721,232.30530943074683,261.618997
2022-10-19,1.122448148377557,232.30788980696067,261.618997
2022-10-20,1.1050773855948792,232.31032587548495,261.618997
2022-10-21,1.0803050188783194,232.31260618933587,261.618997
2022-10-22,1.049090287555092,232.31471026004732,261.618997
2022-10-23,1.0188767405364405,232.31664520770107,261.618997
2022-10-24,1.0092019763312299,232.3184914774656,261.618997
2022-10-25,0.9911946944397128,232.32022379653813,261.618997
2022-10-26,1.32643079489042,232.32335336579672,261.618997
2022-10-27,1.2963812708678817,232.32627005611803,261.618997
2022-10-28,1.2583730088367753,232.32897276994845,261.618997
2022-10-29,1.2216843874560148,232.33147763827938,261.618997
2022-10-30,1.1862457193878193,232.3337938095012,261.618997
2022-10-31,1.1519563261042,232.33592964843552,261.618997
2022-11-01,1.118746401582107,232.3378949457906,261.618997
2022-11-02,1.0866053559907838,232.33969998030568,261.618997
2022-11-03,1.0555395838466861,232.34135178211403,261.618997
2022-11-04,1.0256445051470664,232.34285956485624,261.618997
2022-11-05,1.4361655315274824,232.34607511384107,261.618997
2022-11-06,1.477059486917703,232.34936872593448,261.618997
2022-11-07,1.4329855277727557,232.35240783826634,261.618997
2022-11-08,1.3910442725576189,232.35522175939445,261.618997
2022-11-09,1.3505590985946319,232.35782545074545,261.618997
2022-11-10,1.3114027375523465,232.36023063323873,261.618997
2022-11-11,1.2735943809020813,232.3624437413541,261.618997
2022-11-12,1.2370379514017467,232.36448232815584,261.618997
2022-11-13,1.2017324380543897,232.36634858748965,261.618997
2022-11-14,1.1675793745215821,232.36805983525693,261.618997
2022-11-15,1.1345651311564464,232.36962243845784,261.618997
2022-11-16,1.1026491477018279,232.37104255480543,261.618997
2022-11-17,1.071789549205271,232.37232778242952,261.618997
2022-11-18,1.0419493068793508,232.3734855629716,261.618997
2022-11-19,1.0130643295345048,232.37452229300945,261.618997
2022-11-20,0.9816499321964675,232.37543117477003,261.618997
2022-11-21,0.9507580336125854,232.37621895217472,261.618997
2022-11-22,0.9240849030026642,232.37690036572917,261.618997
2022-11-23,0.8950308021030609,232.3774730942023,261.618997
2022-11-24,0.8659994987390539,232.37793215643177,261.618997
2022-11-25,0.8689388972460393,232.3783857362571,261.618997
2022-11-26,0.860829962801807,232.37880285286337,261.618997
2022-11-27,0.852472983762898,232.3791875427084,261.618997
2022-11-28,0.83962948596742,232.3795234409576,261.618997
2022-11-29,0.8239442413584256,232.37979653848598,261.618997
2022-11-30,0.8177773101399274,232.38003744879927,261.618997
2022-12-01,0.7969294340062332,232.38020562562207,261.618997
2022-12-02,0.7753572782028144,232.38029758298367,261.618997
2022-12-03,0.7603188815787704,232.38033848791778,261.618997
2022-12-04,0.7418158835106621,232.38031460742022,261.618997
2022-12-05,0.7188455019948522,232.38020844375234,261.618997
2022-12-06,0.7024167290471575,232.38005173148628,261.618997
2022-12-07,0.6875797473111392,232.3798453609857,261.618997
2022-12-08,0.6699287132614047,232.37958105148036,261.618997
2022-12-09,0.643592388022452,232.37922637834515,261.618997
2022-12-10,0.617412527307521,232.37879055968114,261.618997
2022-12-11,0.6025980451364776,232.37830937810966,261.618997
2022-12-12,0.5927110619590716,232.37779931789763,261.618997
2022-12-13,0.5781228471356726,232.37724558696746,261.618997
2022-12-14,0.5646458447956658,232.37665097681244,261.618997
2022-12-15,0.5580493991667946,232.37604005137123,261.618997
2022-12-16,0.5514187444647595,232.375413550673,261.618997
2022-12-17,0.5325725173723731,232.37472675800356,261.618997
2022-12-18,0.5154233493537355,232.3739898022959,261.618997
2022-12-19,0.4933562075265222,232.3731914780216,261.618997
2022-12-20,0.47910987403834154,232.37235118337023,261.618997
2022-12-21,0.46285290448946137,232.37146973177985,261.618997
2022-12-22,0.4479042454172336,232.37055191628502,261.618997
2022-12-23,0.4256649007263857,232.3695704940866,261.618997
2022-12-24,0.3977443028727868,232.36851247924974,261.618997
2022-12-25,0.3808130346312906,232.36741176363813,261.618997
2022-12-26,0.3609522467248511,232.36625533774108,261.618997
2022-12-27,0.34935461552957053,232.36507235613965,261.618997
2022-12-28,0.3405337238912177,232.36387150231337,261.618997
2022-12-29,0.3399565046775671,232.36267786093873,261.618997
2022-12-30,0.36545928588051513,232.36157134425255,261.618997
2022-12-31,0.4281639750126691,232.36068718594618,261.618997
2023-01-01,0.42244033722002716,232.3597839215753,261.618997
2023-01-02,0.4217754950167998,232.35887616751478,261.618997
2023-01-03,0.4209394611634253,232.357969139976,261.618997
2023-01-04,0.4665103334556484,232.35721212615016,261.618997
2023-01-05,0.6076050933524385,232.3570982145054,261.618997
2023-01-06,0.6411426140981858,232.35714028929036,261.618997
2023-01-07,0.624014635046875,232.35710183961731,261.618997
2023-01-08,0.5939277467536709,232.35695245197917,261.618997
2023-01-09,0.5733966226002869,232.35672058304684,261.618997
2023-01-10,0.5609890721189096,232.35643646383375,261.618997
2023-01-11,0.5521245610581564,232.35611559250646,261.618997
2023-01-12,0.553745182470505,232.35579018505354,261.618997
2023-01-13,0.5622414616688747,232.35549351974814,261.618997
2023-01-14,0.5274665248723013,232.35507517485306,261.618997
2023-01-15,0.5109747586606515,232.35459876886878,261.618997
2023-01-16,0.4990602682557622,232.3540798130637,261.618997
2023-01-17,0.4926826845014293,232.35353890041353,261.618997
2023-01-18,0.5534067740741454,232.35323792215345,261.618997
2023-01-19,0.6311211922949236,232.35331248990846,261.618997
2023-01-20,0.6277961121928225,232.35334791872728,261.618997
2023-01-21,0.6094279138907994,232.35330349299122,261.618997
2023-01-22,0.5921330618015653,232.35318624911838,261.618997
2023-01-23,0.5770836264101493,232.35300740879796,261.618997
2023-01-24,0.5561517215679962,232.35275130401487,261.618997
2023-01-25,0.5422393185198309,232.35244139778345,261.618997
2023-01-26,0.5255122611257352,232.35206885082147,261.618997
2023-01-27,0.5031790364868607,232.35161475093847,261.618997
2023-01-28,0.48879626643327573,232.3511086567477,261.618997
2023-01-29,0.47512432952588907,232.3505558401793,261.618997
2023-01-30,0.46195785994727173,232.3499591941815,261.618997
2023-01-31,0.4336000488018693,232.34927237270333,261.618997
2023-02-01,0.40156350499847704,232.34848535559027,261.618997
2023-02-02,0.384776095470359,232.34764454639947,261.618997
2023-02-03,0.3605093437399944,232.34673845248366,261.618997
2023-02-04,0.3452812628250449,232.3457907282149,261.618997
2023-02-05,0.3362403471550337,232.3448172931807,261.618997
2023-02-06,0.32782006107795136,232.34381989921636,261.618997
2023-02-07,0.32161971823753804,232.34280507777137,261.618997
2023-02-08,0.3201813798615927,232.341784604609,261.618997
2023-02-09,0.32687913049891326,232.34078186296412,261.618997
2023-02-10,0.3567803564249454,232.33989903360555,261.618997
2023-02-11,0.344580354231278,232.33897708219348,261.618997
2023-02-12,0.33872995069676043,232.33804132060527,261.618997
2023-02-13,0.3665322354278561,232.33720409668,261.618997
2023-02-14,0.43489205017123145,232.33659315553666,261.618997
2023-02-15,0.4780378512463825,232.33611906153544,261.618997
2023-02-16,0.49717542864644065,232.33572348236555,261.618997
2023-02-17,0.4852158057003173,232.33528611986688,261.618997
2023-02-18,0.4654435064937237,232.33478005054056,261.618997
2023-02-19,0.4616990470275708,232.334260668295,261.618997
2023-02-20,0.4836251605665559,232.3337941278393,261.618997
2023-02-21,0.5109046038287565,232.3334104000787,261.618997
2023-02-22,0.4980398276806811,232.33297961499673,261.618997
2023-02-23,0.48525709793254673,232.33250687183727,261.618997
2023-02-24,0.4720899823727816,232.33199377512176,261.618997
2023-02-25,0.4427528716406194,232.33139005637597,261.618997
2023-02-26,0.4195192304150562,232.33072071452193,261.618997
2023-02-27,0.39938802045834015,232.32999350957473,261.618997
2023-02-28,0.399930629871828,232.32926799762242,261.618997
2023-03-01,0.4167106873702185,232.32859175261476,261.618997
2023-03-02,0.4547509096646999,232.3280339235788,261.618997
2023-03-03,0.5265245631010829,232.32770495465908,261.618997
2023-03-04,0.5181895389417628,232.32733858590206,261.618997
2023-03-05,0.5263153132253543,232.3269894099664,261.618997
2023-03-06,0.8485669243490445,232.32802514534228,261.618997
2023-03-07,0.9486466878710599,232.3294291331293,261.618997
2023-03-08,0.9222876150858972,232.33067679230084,261.618997
2023-03-09,0.9022770393882152,232.33181283587237,261.618997
2023-03-10,0.9512717427376143,232.3330379349382,261.618997
2023-03-11,0.9541737902459502,232.3342495237617,261.618997
2023-03-12,0.9264488108742837,232.33532879556466,261.618997
2023-03-13,0.8991978333758527,232.33628723922723,261.618997
2023-03-14,0.8696674570845742,232.337120486366,261.618997
2023-03-15,0.8418001826644629,232.33784142759285,261.618997
2023-03-16,0.8145981263083036,232.33845336282204,261.618997
2023-03-17,0.809074120452923,232.3390241045326,261.618997
2023-03-18,0.8696412367153918,232.33978891860758,261.618997
2023-03-19,0.8435794534125733,232.3404454113468,261.618997
2023-03-20,0.8191305775592218,232.3410041582977,261.618997
2023-03-21,0.797458417302575,232.34147434670527,261.618997
2023-03-22,0.8390230991284006,232.3421351320689,261.618997
2023-03-23,0.8686394382628786,232.34288122638293,261.618997
2023-03-24,1.0209044720755156,232.34415576953054,261.618997
2023-03-25,1.0432431194425875,232.34554592805034,261.618997
2023-03-26,1.0625209905385593,232.34698227764022,261.618997
2023-03-27,1.033622034928465,232.34828050798177,261.618997
2023-03-28,1.1795240109840295,232.3500956829815,261.618997
2023-03-29,1.7336425017115946,232.3545445846973,261.618997
2023-03-30,1.6632285191854626,232.3585665145978,261.618997
2023-03-31,1.609931518844768,232.36227952894077,261.618997
2023-04-01,1.7639833574756856,232.36721045007212,261.618997
2023-04-02,2.146927029147215,232.3737113806285,261.618997
2023-04-03,2.17093803664725,232.379996204993,261.618997
2023-04-04,2.4236701218481858,232.3871549258283,261.618997
2023-04-05,2.710110585633323,232.39510227643112,261.618997
2023-04-06,3.490273588091869,232.40632708340732,261.618997
2023-04-07,3.383308783365073,232.4166385940239,261.618997
2023-04-08,3.2771278019026777,232.42616339785528,261.618997
2023-04-09,3.1743275018330936,232.43501234465563,261.618997
2023-04-10,3.074036295839426,232.44324475399122,261.618997
2023-04-11,2.9767716033299814,232.4508935045345,261.618997
2023-04-12,2.8821459715111315,232.45798531742568,261.618997
2023-04-13,2.7902455982321497,232.46454674644872,261.618997
2023-04-14,2.701364721505064,232.47063441897924,261.618997
2023-04-15,2.616036768584198,232.47627798203055,261.618997
2023-04-16,2.5677173157401376,232.48165923394075,261.618997
2023-04-17,2.652815600656805,232.48730341659055,261.618997
2023-04-18,2.6131209820958086,232.4926747987115,261.618997
2023-04-19,2.5333276492893657,232.4976335378512,261.618997
2023-04-20,2.569925429145353,232.502670440588,261.618997
2023-04-21,2.5579084693898184,232.50756088728605,261.618997
2023-04-22,2.4791058085558215,232.51206786526163,261.618997
2023-04-23,2.411232070592878,232.5162405059476,261.618997
2023-04-24,2.3423823270219266,232.5200948151677,261.618997
2023-04-25,2.2713331426331287,232.5236348814342,261.618997
2023-04-26,2.2026182668827463,232.52687338493632,261.618997
2023-04-27,2.1359649729449335,232.52982497376254,261.618997
2023-04-28,2.071272860005378,232.53250669126913,261.618997
2023-04-29,2.0089050995866997,232.53493994215992,261.618997
2023-04-30,1.950630728836894,232.53714796045247,261.618997
2023-05-01,1.9300810149213472,232.53927883016416,261.618997
2023-05-02,2.0028882136599506,232.54166969895888,261.618997
2023-05-03,1.9730389607024907,232.5439174285821,261.618997
2023-05-04,1.914107050488736,232.54593001840533,261.618997
2023-05-05,1.8643710251677676,232.54775727447455,261.618997
2023-05-06,1.8097750409939226,232.54938383706659,261.618997
2023-05-07,1.8046184106197454,232.5510019912659,261.618997
2023-05-08,1.7789144342250574,232.5525279648155,261.618997
2023-05-09,1.725956159377945,232.55385977818278,261.618997
2023-05-10,1.6735603541739756,232.5550096901913,261.618997
2023-05-11,1.6222362458193855,232.55598636392187,261.618997
2023-05-12,1.5735606103950055,232.55680275163317,261.618997
2023-05-13,1.5260220605365478,232.55746603059512,261.618997
2023-05-14,1.480594786322956,232.55798659040374,261.618997
2023-05-15,1.4356318657278766,232.55836862305694,261.618997
2023-05-16,1.3920811924234338,232.55861667194043,261.618997
2023-05-17,1.3496507812027,232.55874075646167,261.618997
2023-05-18,1.3090341528245608,232.55874741705236,261.618997
2023-05-19,1.270853163654816,232.55864451100499,261.618997
2023-05-20,1.2344293748562505,232.55843998199884,261.618997
2023-05-21,1.1986124277362258,232.55813742379155,261.618997
2023-05-22,1.1630533844134785,232.55773859753995,261.618997
2023-05-23,1.128494830552799,232.55724646651626,261.618997
2023-05-24,1.095102443915246,232.55666720464174,261.618997
2023-05-25,1.0626383140337285,232.5560036355983,261.618997
2023-05-26,1.0309556862641902,232.5552602404538,261.618997
2023-05-27,0.9998865571851046,232.55444001105528,261.618997
2023-05-28,0.9694516679630983,232.55354573109403,261.618997
2023-05-29,0.9394377707153325,232.55258019201855,261.618997
2023-05-30,0.9103497427329824,232.55154672601034,261.618997
2023-05-31,0.8825603300569616,232.55044889032777,261.618997
2023-06-01,0.8553044354470616,232.54928951673187,261.618997
2023-06-02,0.8292704022422018,232.54807278760046,261.618997
2023-06-03,0.8039671639388875,232.5468013891724,261.618997
2023-06-04,0.7791900233653162,232.5454771337458,261.618997
2023-06-05,0.754832917364262,232.54410063304505,261.618997
2023-06-06,0.7318624289336207,232.54267795708907,261.618997
2023-06-07,0.7099798978009073,232.54121321832076,261.618997
2023-06-08,0.6882506809961283,232.53970721728345,261.618997
2023-06-09,0.6667765217583428,232.5381609757801,261.618997
2023-06-10,0.6461441487717057,232.53657657016834,261.618997
2023-06-11,0.6279526359554133,232.5349612924245,261.618997
2023-06-12,0.6128836536085757,232.53332535043947,261.618997
2023-06-13,0.5974190745665385,232.5316670998299,261.618997
2023-06-14,0.5820654151063452,232.52998704046186,261.618997
2023-06-15,0.5670176782122959,232.5282850434904,261.618997
2023-06-16,0.5526167224817776,232.52656401554916,261.618997
2023-06-17,0.5383084707587739,232.5248230359615,261.618997
2023-06-18,0.5238798183953378,232.523060792507,261.618997
2023-06-19,0.5089367019985138,232.52127605429078,261.618997
2023-06-20,0.49355696708873176,232.51946722977567,261.618997
2023-06-21,0.47655924879016737,232.5176303135333,261.618997
2023-06-22,0.4554824006128788,232.51574559074973,261.618997
2023-06-23,0.43540928675894336,232.51381667394725,261.618997
2023-06-24,0.4190803786131794,232.51185966726263,261.618997
2023-06-25,0.39791293069404005,232.50985553461567,261.618997
2023-06-26,0.38441643110757096,232.50783168361278,261.618997
2023-06-27,0.3785407664540416,232.50581475347244,261.618997
2023-06-28,0.3700409230429623,232.50379690388402,261.618997
2023-06-29,0.3615425037611745,232.5017774047784,261.618997
2023-06-30,0.35354341295854547,232.49975752817156,261.618997
2023-07-01,0.34545564725836986,232.49773567285789,261.618997
2023-07-02,0.3374540902248146,232.49571260653278,261.618997
2023-07-03,0.3294784130757634,232.49368716823554,261.618997
2023-07-04,0.32087763042447986,232.49165641854538,261.618997
2023-07-05,0.31313140881027846,232.48962264555578,261.618997
2023-07-06,0.30781596229469316,232.48759123307443,261.618997
2023-07-07,0.30123780020037244,232.48556055788535,261.618997
2023-07-08,0.2949818551445673,232.4835312656167,261.618997
2023-07-09,0.29070429248181096,232.4815093335656,261.618997
2023-07-10,0.28477062450143853,232.4794893758648,261.618997
2023-07-11,0.2786880514822515,232.4774710803221,261.618997
2023-07-12,0.2727363120592365,232.47545477443086,261.618997
2023-07-13,0.26808078724113843,232.47344377508014,261.618997
2023-07-14,0.26726880351504523,232.47144812166232,261.618997
2023-07-15,0.26221243201746575,232.46945598645453,261.618997
2023-07-16,0.2587890681823275,232.4674724990689,261.618997
2023-07-17,0.2578940922212135,232.4655029185118,261.618997
2023-07-18,0.2529830855236139,232.46353710988973,261.618997
2023-07-19,0.24811430334958573,232.46157538958258,261.618997
2023-07-20,0.24332054490551017,232.4596179672963,261.618997
2023-07-21,0.2655870102833958,232.45774579551508,261.618997
2023-07-22,0.2604608504078987,232.45587378391642,261.618997
2023-07-23,0.25916745803324437,232.45401604493296,261.618997
2023-07-24,0.26579282827706646,232.45220194112312,261.618997
2023-07-25,0.2607215815167109,232.45038725845416,261.618997
2023-07-26,0.2556248590843631,232.4485723585725,261.618997
2023-07-27,0.2577239419998425,232.446787486055,261.618997
2023-07-28,0.25266024073400034,232.4450014414046,261.618997
2023-07-29,0.25242741777618083,232.44323428652473,261.618997
2023-07-30,0.24758657201675152,232.44146618866543,261.618997
2023-07-31,0.24269173233062666,232.43969736046222,261.618997
2023-08-01,0.23787382614942573,232.43792804986128,261.618997
2023-08-02,0.23306439683495558,232.43615839000242,261.618997
2023-08-03,0.22831127153805764,232.43438858274095,261.618997
2023-08-04,0.22348261594125257,232.432604279353,261.618997
2023-08-05,0.21839861535546415,232.4308307115846,261.618997
2023-08-06,0.2134436822211028,232.4290554897774,261.618997
2023-08-07,0.21147205180838968,232.42728641736727,261.618997
2023-08-08,0.20782362584098915,232.4255201098614,261.618997
2023-08-09,0.2040382739839331,232.42375631208725,261.618997
2023-08-10,0.20009074606509594,232.42199448541365,261.618997
2023-08-11,0.19440533829312076,232.42022559423,261.618997
2023-08-12,0.3376011009902948,232.4190632330961,261.618997
2023-08-13,0.32980899548580084,232.4178651277652,261.618997
2023-08-14,0.3224413638569654,232.4166438246031,261.618997
2023-08-15,0.37945065025588043,232.41565377298758,261.618997
2023-08-16,0.37044590767770735,232.41462836178928,261.618997
2023-08-17,0.4151247657057479,232.41378479641523,261.618997
2023-08-18,0.5427836738973003,232.41346438625035,261.618997
2023-08-19,0.5283286708895921,232.41307078147594,261.618997
2023-08-20,0.5140405767217188,232.41261253835268,261.618997
2023-08-21,0.5000581838509041,232.41209537192304,261.618997
2023-08-22,0.487207071513491,232.411524537932,261.618997
2023-08-23,0.5705238858852305,232.4113163701558,261.618997
2023-08-24,0.5557219942792482,232.4110348100308,261.618997
2023-08-25,0.541474400362527,232.41068974845078,261.618997
2023-08-26,0.5273081866900046,232.4102823138221,261.618997
2023-08-27,0.513032808570724,232.40981565120174,261.618997
2023-08-28,0.4991146010949305,232.4092923271531,261.618997
2023-08-29,0.48585860666867675,232.4087160415483,261.618997
2023-08-30,0.4933787832955842,232.40817385981416,261.618997
2023-08-31,0.48097223414266743,232.4075813639949,261.618997
2023-09-01,0.4684950123649217,232.40694053663688,261.618997
2023-09-02,0.4565824516819091,232.40625449102845,261.618997
2023-09-03,0.4457397084514541,232.40552866212352,261.618997
2023-09-04,0.43461191501941254,232.40476288942466,261.618997
2023-09-05,0.423260446386238,232.40395702178955,261.618997
2023-09-06,0.4123761239839284,232.40311357374046,261.618997
2023-09-07,0.4270052219482332,232.40234126305123,261.618997
2023-09-08,0.41679828765513177,232.40153098083965,261.618997
2023-09-09,0.40691725275412427,232.40068644519985,261.618997
2023-09-10,0.39724226445516225,232.39980951454672,261.618997
2023-09-11,0.38855820154690135,232.39890439843074,261.618997
2023-09-12,0.4172797041918012,232.39813947057436,261.618997
2023-09-13,0.40773153320865446,232.39733729035416,261.618997
2023-09-14,0.398263285331741,232.39650128876903,261.618997
2023-09-15,0.388928741973881,232.3956329068606,261.618997
2023-09-16,0.3799045317845289,232.39473421785493,261.618997
2023-09-17,0.37390573051304105,232.39382189475157,261.618997
2023-09-18,0.36559040160390827,232.3928822538654,261.618997
2023-09-19,0.3574364989709943,232.3919168215313,261.618997
2023-09-20,0.3494819179261543,232.3909269339616,261.618997
2023-09-21,0.34173934971034864,232.3899139167233,261.618997
2023-09-22,0.3340935225307114,232.38887871192816,261.618997
2023-09-23,0.3265725233015251,232.38782170115175,261.618997
2023-09-24,0.3192799037728324,232.38674433526336,261.618997
2023-09-25,0.3122753963672195,232.3856480053296,261.618997
2023-09-26,0.30569122809256605,232.38453431519858,261.618997
2023-09-27,0.30000304992812354,232.38340604465975,261.618997
2023-09-28,0.29403906992854356,232.3822629169204,261.618997
2023-09-29,0.2882381340594429,232.3811057759113,261.618997
2023-09-30,0.2825653382018417,232.379935363714,261.618997
2023-10-01,0.27693945775724804,232.37875215845648,261.618997
2023-10-02,0.2714388303061973,232.37755649677334,261.618997
2023-10-03,0.2660287548348869,232.37634904097945,261.618997
2023-10-04,0.26086242460725206,232.37513065078912,261.618997
2023-10-05,0.2560323032748041,232.3739024857957,261.618997
2023-10-06,0.253293143203783,232.37267007283768,261.618997
2023-10-07,0.2586220956211586,232.3714674565704,261.618997
2023-10-08,0.2601305437079168,232.37028023314676,261.618997
2023-10-09,0.25684278507539393,232.36908855223032,261.618997
2023-10-10,0.2527826636950702,232.36788861358716,261.618997
2023-10-11,0.2505380025598926,232.36668878868045,261.618997
2023-10-12,0.24601465880720216,232.36547952317375,261.618997
2023-10-13,0.24340931386028525,232.36426868251928,261.618997
2023-10-14,0.35101650549662944,232.36351869336565,261.618997
2023-10-15,0.3455868754585871,232.36274091089973,261.618997
2023-10-16,0.33820003276775373,232.3619339176321,261.618997
2023-10-17,0.3310330801129766,232.36110007488853,261.618997
2023-10-18,0.324081579663487,232.3602410097976,261.618997
2023-10-19,0.3330684825221998,232.35942528200087,261.618997
2023-10-20,0.3824622457128217,232.3588290376063,261.618997
2023-10-21,0.38729621860658303,232.35825448314168,261.618997
2023-10-22,0.3786414342937312,232.3576416994549,261.618997
2023-10-23,0.37050272851843513,232.35699506677884,261.618997
2023-10-24,0.370016321949534,232.356362060268,261.618997
2023-10-25,0.4259085997656442,232.35597470157018,261.618997
2023-10-26,0.43714207599114263,232.35562699800602,261.618997
2023-10-27,0.8388406198317186,232.35700597976947,261.618997
2023-10-28,0.8962812633825443,232.35856659179598,261.618997
2023-10-29,0.8714363276286059,232.35996511749516,261.618997
2023-10-30,0.8866658714908303,232.36139774970354,261.618997
2023-10-31,0.8622876392364606,232.36269166848223,261.618997
2023-11-01,0.8434796172770813,232.36387415377135,261.618997
2023-11-02,0.820623403630314,232.36493043152865,261.618997
2023-11-03,0.7984986967192262,232.36586902632655,261.618997
2023-11-04,0.7770676768283163,232.3666975031766,261.618997
2023-11-05,0.7563370900096138,232.36742233736078,261.618997
2023-11-06,0.7720570798751206,232.36820303256553,261.618997
2023-11-07,0.7947684454974322,232.36905972497593,261.618997
2023-11-08,0.7734860192242096,232.36980751265352,261.618997
2023-11-09,1.1624436659196398,232.37220447754694,261.618997
2023-11-10,1.1278493321872067,232.3743687026437,261.618997
2023-11-11,1.0960990702294244,232.37635544291436,261.618997
2023-11-12,1.0653756868230895,232.37817255673832,261.618997
2023-11-13,1.035648155990212,232.37983258633164,261.618997
2023-11-14,1.006893583813939,232.38134315907695,261.618997
2023-11-15,0.9790770006671162,232.38271351917587,261.618997
2023-11-16,0.9521634568149189,232.38394935307997,261.618997
2023-11-17,0.9363249616761767,232.3851041559159,261.618997
2023-11-18,0.9108421556313282,232.38613556148948,261.618997
2023-11-19,0.8861797731079273,232.38705171400284,261.618997
2023-11-20,0.862336412049432,232.3878571606341,261.618997
2023-11-21,0.9301414230682594,232.38893387373105,261.618997
2023-11-22,1.1061654860632653,232.3907452566978,261.618997
2023-11-23,1.0811638317189287,232.39240410156114,261.618997
2023-11-24,1.051020018694923,232.39390513974186,261.618997
2023-11-25,1.0182447985357979,232.39524877659485,261.618997
2023-11-26,0.9852394518304551,232.39644264571442,261.618997
2023-11-27,0.9484503498497718,232.39747475240588,261.618997
2023-11-28,0.9184764565024983,232.39837736416771,261.618997
2023-11-29,0.8742273536790323,232.39910094327567,261.618997
2023-11-30,0.8490764121551135,232.39971535930755,261.618997
2023-12-01,0.8250395814201543,232.4002264901162,261.618997
2023-12-02,0.8074302614444638,232.4006591469912,261.618997
2023-12-03,0.7853406734970583,232.4009989722457,261.618997
2023-12-04,0.7688197973837426,232.40126607021173,261.618997
2023-12-05,0.7477167597840814,232.40144669844108,261.618997
2023-12-06,0.7282236220450166,232.40154896760203,261.618997
2023-12-07,0.7155162111706228,232.40159464623918,261.618997
2023-12-08,0.7121376933164761,232.40161994036964,261.618997
2023-12-09,0.7201207559976267,232.40167266892047,261.618997
2023-12-10,0.7205466223167967,232.4017240563763,261.618997
2023-12-11,0.7090894159370078,232.4017260246813,261.618997
2023-12-12,0.6909674462814724,232.4016594487942,261.618997
2023-12-13,0.6734386906406715,232.4015280863303,261.618997
2023-12-14,0.6492857010364013,232.40130840020552,261.618997
2023-12-15,0.6402456622471756,232.40105839503096,261.618997
2023-12-16,0.6253517799742652,232.40075529502485,261.618997
2023-12-17,0.6479303890827441,232.40051426258407,261.618997
2023-12-18,0.686213550492128,232.40036999095423,261.618997
2023-12-19,0.6694802801996039,232.40016561438804,261.618997
2023-12-20,0.6505776923371547,232.3998961454925,261.618997
2023-12-21,0.6365889143599704,232.3995811666571,261.618997
2023-12-22,0.6228732257950821,232.3992189263471,261.618997
2023-12-23,0.6132956351227792,232.39882300386438,261.618997
2023-12-24,0.6124517742450575,232.39842337359173,261.618997
2023-12-25,0.7953769541224814,232.39890690519024,261.618997
2023-12-26,0.979007990015509,232.4001928991743,261.618997
2023-12-27,0.9532723975151322,232.40131548136821,261.618997
2023-12-28,1.0211350229102611,232.402709419659,261.618997
2023-12-29,1.0125296956893943,232.40402657760293,261.618997
2023-12-30,0.9848386516689838,232.4051966372906,261.618997
2023-12-31,0.9656362573711957,232.4062626308461,261.618997
2024-01-01,0.9423721159085533,232.40721223130558,261.618997
2024-01-02,0.917031849604995,232.408040098502,261.618997
2024-01-03,0.8925851463201736,232.40875363819472,261.618997
2024-01-04,0.8646565376270017,232.4093433724229,261.618997
2024-01-05,0.838232080673913,232.40982120662034,261.618997
2024-01-06,0.8153780340737693,232.4102007339184,261.618997
2024-01-07,0.7931798459428522,232.41048773140506,261.618997
2024-01-08,0.7689448720459461,232.4106730233001,261.618997
2024-01-09,0.7524210855895285,232.41079236913745,261.618997
2024-01-10,0.7327071240000195,232.4108323135017,261.618997
2024-01-11,0.7118781633316289,232.4107923353895,261.618997
2024-01-12,0.6908119136436093,232.41066675295775,261.618997
2024-01-13,0.6678936366153458,232.41046110291032,261.618997
2024-01-14,0.6319992493562961,232.41012697798948,261.618997
2024-01-15,0.6083684601910749,232.4097157810228,261.618997
2024-01-16,0.581012101410519,232.40921406666178,261.618997
2024-01-17,0.5463771413217112,232.40860500015256,261.618997
2024-01-18,0.516648148204256,232.40790385420624,261.618997
2024-01-19,0.4946483516680679,232.40712843388647,261.618997
2024-01-20,0.4579224994822133,232.40625457313513,261.618997
2024-01-21,0.44232199287935414,232.40533743658332,261.618997
2024-01-22,0.43002942224645896,232.4043839726376,261.618997
2024-01-23,0.41963267166870505,232.40340053750927,261.618997
2024-01-24,0.4125159448453001,232.40239148621652,261.618997
2024-01-25,0.41924492733147745,232.4013988571705,261.618997
2024-01-26,0.4245384138546609,232.40043396301894,261.618997
2024-01-27,0.43185833413855274,232.39948630965625,261.618997
2024-01-28,0.46520957067952506,232.39865897565497,261.618997
2024-01-29,0.48403917326840284,232.39789520714615,261.618997
2024-01-30,0.47814858917353087,232.3971123759838,261.618997
2024-01-31,0.47593893084691974,232.3963211183792,261.618997
2024-02-01,0.49442755262550153,232.3955859937185,261.618997
2024-02-02,0.5086688258867832,232.39489541049724,261.618997
2024-02-03,0.5372631238862842,232.39432439679223,261.618997
2024-02-04,0.5262878910565977,232.3937154198071,261.618997
2024-02-05,0.5276823907183756,232.39309896846112,261.618997
2024-02-06,0.5203865169290861,232.39246466320014,261.618997
2024-02-07,0.5103542793137104,232.39180144119126,261.618997
2024-02-08,0.5252100248855606,232.39119582995878,261.618997
2024-02-09,0.6357298976134311,232.39094009825155,261.618997
2024-02-10,0.8281408451923729,232.39154955929823,261.618997
2024-02-11,0.804975414623616,232.39203499454405,261.618997
2024-02-12,0.7808268929039512,232.39241104718096,261.618997
2024-02-13,0.7595461106208383,232.39269006766375,261.618997
2024-02-14,0.7400704030386163,232.3928869947972,261.618997
2024-02-15,0.7131586182372291,232.39297224435475,261.618997
2024-02-16,0.689056080260687,232.3929679819313,261.618997
2024-02-17,0.6521511237284877,232.39282753868972,261.618997
2024-02-18,0.6258443608192767,232.39259600246592,261.618997
2024-02-19,0.6002084938817249,232.39227531367354,261.618997
2024-02-20,0.5735353450143006,232.3918713549212,261.618997
2024-02-21,0.5589335489683854,232.39141637872953,261.618997
2024-02-22,0.5813421205184596,232.39102810746198,261.618997
2024-02-23,0.5792181769503926,232.39062277246808,261.618997
2024-02-24,0.5634520067803857,232.39016357188493,261.618997
2024-02-25,0.5452278483250538,232.3896460381481,261.618997
2024-02-26,0.5362564923278527,232.38909670695287,261.618997
2024-02-27,0.5280825722355089,232.3885152322177,261.618997
2024-02-28,0.547297314450782,232.38800556511148,261.618997
2024-02-29,0.5612881606013129,232.3875325634017,261.618997
2024-03-01,0.5459191676696734,232.38701000868332,261.618997
2024-03-02,0.5358161252423669,232.38645196925034,261.618997
2024-03-03,0.6743783441553818,232.38653771684858,261.618997
2024-03-04,0.7393280704767162,232.386851217957,261.618997
2024-03-05,1.4132899840575592,232.3901052066782,261.618997
2024-03-06,1.8765649011514272,232.39532049328255,261.618997
2024-03-07,1.8475340850115067,232.40024676189833,261.618997
2024-03-08,1.7952748821993965,232.40482131575772,261.618997
2024-03-09,2.091012117631321,232.41052197043948,261.618997
2024-03-10,2.0265630936617307,232.41578903186345,261.618997
2024-03-11,1.9655170506856268,232.42067646959902,261.618997
2024-03-12,1.9092834675629742,232.42521591698483,261.618997
2024-03-13,1.8630920274197884,232.42946253220498,261.618997
2024-03-14,1.8080779478702569,232.4333972951735,261.618997
2024-03-15,1.980958920664409,232.43797184705494,261.618997
2024-03-16,1.9206366382335323,232.44218598086576,261.618997
2024-03-17,1.8642089945381106,232.4460867784726,261.618997
2024-03-18,1.8093083223173287,232.4496978917986,261.618997
2024-03-19,1.7562434568244518,232.45303700237028,261.618997
2024-03-20,1.7051096884221522,232.4561165389893,261.618997
2024-03-21,1.640222805740618,232.45890577578345,261.618997
2024-03-22,1.5773487282922287,232.46141093685446,261.618997
2024-03-23,1.520460813379164,232.46367621740194,261.618997
2024-03-24,1.4713568098590173,232.46572785234193,261.618997
2024-03-25,1.427953095362843,232.46758991879906,261.618997
2024-03-26,1.4083240072949734,232.46934196810702,261.618997
2024-03-27,1.3930045722011306,232.47100932600446,261.618997
2024-03-28,1.3677952485961156,232.47255451261802,261.618997
2024-03-29,1.3322328294257035,232.47394765405932,261.618997
2024-03-30,1.2915090239466709,232.47517988962838,261.618997
2024-03-31,1.2646106414759126,232.47629965210604,261.618997
2024-04-01,1.2453325714630248,232.47733672919125,261.618997
2024-04-02,1.2570697950853902,232.4784008754847,261.618997
2024-04-03,1.44104494866777,232.48019534158195,261.618997
2024-04-04,1.6895132949208012,232.4829335580326,261.618997
2024-04-05,1.740803881289311,232.4858234286756,261.618997
2024-04-06,1.7234515203329395,232.48861619773137,261.618997
2024-04-07,1.672799924131235,232.49115197397177,261.618997
2024-04-08,1.623720867476172,232.49345437129648,261.618997
2024-04-09,1.5755956211830742,232.4955373396215,261.618997
2024-04-10,1.529126070266399,232.49741175173224,261.618997
2024-04-11,1.485163967191287,232.49909349369648,261.618997
2024-04-12,1.5715055200180048,232.5011177285094,261.618997
2024-04-13,1.5596364294278646,232.50306420051893,261.618997
2024-04-14,1.5145242897597744,232.50480421486074,261.618997
2024-04-15,1.4704920191324173,232.5063532437045,261.618997
2024-04-16,1.4276735499790074,232.50772523065646,261.618997
2024-04-17,1.3877908067305,232.50893528753676,261.618997
2024-04-18,1.5078874750123958,232.51063032302153,261.618997
2024-04-19,1.5216862580620931,232.51234531432095,261.618997
2024-04-20,1.4778730724811497,232.51386240847194,261.618997
2024-04-21,1.4356152955433856,232.5151994197747,261.618997
2024-04-22,1.3942623890039165,232.51636824593095,261.618997
2024-04-23,1.3773696543067286,232.51747146285513,261.618997
2024-04-24,1.3436879599964133,232.51844095602902,261.618997
2024-04-25,1.3053830519517593,232.51926119537012,261.618997
2024-04-26,1.268110926622833,232.519940797355,261.618997
2024-04-27,1.2645440481701105,232.52062183939418,261.618997
2024-04-28,1.6234611521900502,232.52270014010907,261.618997
2024-04-29,1.7957759185646829,232.52538757230417,261.618997
2024-04-30,1.9319033015371978,232.52851983423932,261.618997
2024-05-01,1.9189595554621395,232.5315193798166,261.618997
2024-05-02,1.8621368974052919,232.53422892231646,261.618997
2024-05-03,1.925331748180204,232.537139795028,261.618997
2024-05-04,1.879451962089723,232.5398075626117,261.618997
2024-05-05,1.928957902513774,232.54262955186778,261.618997
2024-05-06,1.870062530030419,232.54516898824664,261.618997
2024-05-07,1.8142774144985756,232.54745910419553,261.618997
2024-05-08,1.8771727322730436,232.54997227046843,261.618997
2024-05-09,1.8234741406583088,232.55223224590137,261.618997
2024-05-10,1.781546916751545,232.55430443750447,261.618997
2024-05-11,1.778655705352764,232.55634787776273,261.618997
2024-05-12,1.743646449135265,232.55823490890066,261.618997
2024-05-13,1.6970532811926968,232.55993008977185,261.618997
2024-05-14,1.6614766812051145,232.56148115707435,261.618997
2024-05-15,1.6119661465396133,232.56283796491323,261.618997
2024-05-16,1.563651736063561,232.564009278774,261.618997
2024-05-17,1.5178950860463472,232.56501242269277,261.618997
2024-05-18,1.4718079542198481,232.5658500264877,261.618997
2024-05-19,1.4261935426271668,232.56652706872683,261.618997
2024-05-20,1.3832884439342996,232.5670569740006,261.618997
2024-05-21,1.7097828911728505,232.56890144572563,261.618997
2024-05-22,1.6533305985192495,232.57045385446403,261.618997
2024-05-23,1.6044989275221517,232.57179951825407,261.618997
2024-05-24,1.5559451858741462,232.57294947485826,261.618997
2024-05-25,1.5625750950149102,232.57412660817377,261.618997
2024-05-26,1.5157144593476486,232.57511509761298,261.618997
2024-05-27,1.502506809910723,232.57606372825765,261.618997
2024-05-28,1.471207960750154,232.57689185756482,261.618997
2024-05-29,1.4692849595171165,232.57771649386717,261.618997
2024-05-30,1.4246653815422314,232.57836993864709,261.618997
2024-05-31,1.3804963676159352,232.5788604091393,261.618997
2024-06-01,1.337993917926057,232.57919812678446,261.618997
2024-06-02,1.6830586832074337,232.58089074819313,261.618997
2024-06-03,1.624282049593234,232.58228277242156,261.618997
2024-06-04,1.5741009783057196,232.58346478468837,261.618997
2024-06-05,1.527347852883332,232.58445805050704,261.618997
2024-06-06,1.642287586380068,232.5859145764618,261.618997
2024-06-07,1.5933756238576595,232.5871413191925,261.618997
2024-06-08,1.5467997791554629,232.58817331479247,261.618997
2024-06-09,1.6103249138044833,232.5894430756882,261.618997
2024-06-10,1.5613214892201985,232.59050162498528,261.618997
2024-06-11,1.5121951384188606,232.59136884539924,261.618997
2024-06-12,1.4645313377483413,232.59205763676417,261.618997
2024-06-13,1.4173469520955402,232.59257562929517,261.618997
2024-06-14,1.3734364988736414,232.59293896610444,261.618997
2024-06-15,1.328613595448922,232.59314899216741,261.618997
2024-06-16,1.2843893084464262,232.59321202379593,261.618997
2024-06-17,1.2442124059015196,232.59314591128086,261.618997
2024-06-18,1.2072412115696909,232.59296103140542,261.618997
2024-06-19,1.1704773161626267,232.59266173839026,261.618997
2024-06-20,1.131082587209447,232.59224200665886,261.618997
2024-06-21,1.1021630880599065,232.59173673287788,261.618997
2024-06-22,1.0860025498996146,232.59119045508805,261.618997
2024-06-23,1.7769873170423005,232.5933104949642,261.618997
2024-06-24,1.7361311018519607,232.5951701360697,261.618997
2024-06-25,1.8070258671260497,232.59724642378023,261.618997
2024-06-26,1.7509788978891938,232.5990294756481,261.618997
2024-06-27,1.696661972190457,232.6005719832333,261.618997
2024-06-28,1.6412392941928824,232.60188122218665,261.618997
2024-06-29,1.5926681720627727,232.60299208895086,261.618997
2024-06-30,1.5449603165450438,232.6039144758956,261.618997
2024-07-01,1.4952500587838928,232.60465016226078,261.618997
2024-07-02,1.4461993913848405,232.60520820738603,261.618997
2024-07-03,1.4067889232005486,232.60562463523286,261.618997
2024-07-04,1.364856527290131,232.6058951466372,261.618997
2024-07-05,1.3225112886892176,232.60602265103032,261.618997
2024-07-06,1.31244211204388,232.60613567955127,261.618997
2024-07-07,1.2753432215052318,232.60612132723455,261.618997
2024-07-08,1.2353945067967986,232.60597676404223,261.618997
2024-07-09,1.1998730162783877,232.6057194438534,261.618997
2024-07-10,1.1831328630859206,232.60541427527227,261.618997
2024-07-11,1.1808022987474924,232.60512313988642,261.618997
2024-07-12,1.1681992958158356,232.60479817623047,261.618997
2024-07-13,1.131597962996836,232.6043583374057,261.618997
2024-07-14,1.094293132272518,232.6038054486463,261.618997
2024-07-15,1.060198960138423,232.60315342767348,261.618997
2024-07-16,1.0343880981483713,232.60243539118864,261.618997
2024-07-17,1.0023123230470465,232.6016245612844,261.618997
2024-07-18,0.9718423227319807,232.60073104855522,261.618997
2024-07-19,0.9424177142031178,232.5997589137499,261.618997
2024-07-20,0.912426018859675,232.5987074604059,261.618997
2024-07-21,0.8840049332107631,232.59758306177773,261.618997
2024-07-22,0.8770787966406276,232.59646507399387,261.618997
2024-07-23,0.852324955492904,232.5952849894684,261.618997
2024-07-24,1.0174700261772869,232.59476113067618,261.618997
2024-07-25,0.9881151941779255,232.59412762167025,261.618997
2024-07-26,0.9571810640743588,232.59339529226136,261.618997
2024-07-27,0.9268847411555384,232.59257021713404,261.618997
2024-07-28,0.8976858966858119,232.59166159297266,261.618997
2024-07-29,0.8701492820581536,232.5906758816194,261.618997
2024-07-30,0.9387319782445963,232.58996114843225,261.618997
2024-07-31,0.910760739315322,232.58915214333092,261.618997
2024-08-01,0.8830397583170615,232.58826136611677,261.618997
2024-08-02,0.8565801953865767,232.58729606614094,261.618997
2024-08-03,0.8297290709326852,232.5862561888728,261.618997
2024-08-04,0.8037100178616968,232.5851447468127,261.618997
2024-08-05,0.7829683493305416,232.58397870748306,261.618997
2024-08-06,0.9141467812369005,232.5833248622263,261.618997
2024-08-07,0.9984080247804408,232.5829902702702,261.618997
2024-08-08,0.9692746168640343,232.5825394921988,261.618997
2024-08-09,0.9402027282415185,232.5819877078652,261.618997
2024-08-10,0.9136107292410225,232.58134738568347,261.618997
2024-08-11,0.8886048789049977,232.58062660082436,261.618997
2024-08-12,0.8640766172594411,232.5798300915941,261.618997
2024-08-13,0.8381531942015729,232.57895564263194,261.618997
2024-08-14,0.81206862144784,232.5780040791014,261.618997
2024-08-15,0.7873208585466149,232.57698036830286,261.618997
2024-08-16,0.9571692939911182,232.5766676849125,261.618997
2024-08-17,1.1233488733310364,232.5769973510611,261.618997
2024-08-18,1.4388595970230518,232.578544592369,261.618997
2024-08-19,1.3958036014111246,232.5798261859399,261.618997
2024-08-20,1.3540266119362383,232.58089841993916,261.618997
2024-08-21,1.3121391479482798,232.58178152113217,261.618997
2024-08-22,1.2712081182392132,232.58248064734997,261.618997
2024-08-23,1.2317138708048077,232.58301460776224,261.618997
2024-08-24,1.1935795556205424,232.5833938441705,261.618997
2024-08-25,1.1556448683850247,232.5836237437083,261.618997
2024-08-26,1.1183110007380064,232.58371389128044,261.618997
2024-08-27,1.1030665760360143,232.58374257968904,261.618997
2024-08-28,1.0892144762494997,232.5837151146385,261.618997
2024-08-29,1.0586329840900952,232.58357629170234,261.618997
2024-08-30,1.0305646513642008,232.58333903705324,261.618997
2024-08-31,1.0023415118703434,232.58300604521898,261.618997
2024-09-01,0.9733144028349614,232.5825772775415,261.618997
2024-09-02,0.9447921037093999,232.58205763978256,261.618997
2024-09-03,0.9172087675266897,232.58145137499312,261.618997
2024-09-04,0.8904334921702068,232.5807635652956,261.618997
2024-09-05,0.8644480317902379,232.57999837199677,261.618997
2024-09-06,0.8397961251165469,232.57916033026953,261.618997
2024-09-07,0.8174413078484369,232.57825876509534,261.618997
2024-09-08,0.7961168489508621,232.5772989506907,261.618997
2024-09-09,0.7744494494138648,232.5762804947358,261.618997
2024-09-10,0.752740988385969,232.57520415794585,261.618997
2024-09-11,0.7318559095942205,232.57407358071683,261.618997
2024-09-12,0.7115622230402731,232.5728910642029,261.618997
2024-09-13,0.6909830517820731,232.57165640228595,261.618997
2024-09-14,0.6709668938613426,232.5703714944712,261.618997
2024-09-15,0.651378422066808,232.56903888269073,261.618997
2024-09-16,0.6321268863029337,232.56766018859602,261.618997
2024-09-17,0.6135659856885738,232.5662384736994,261.618997
2024-09-18,0.5958123102214221,232.56477669385194,261.618997
2024-09-19,0.5788071178842928,232.56327795490756,261.618997
2024-09-20,0.5633058344767581,232.56174743173403,261.618997
2024-09-21,0.5484036097379528,232.56018733573694,261.618997
2024-09-22,0.5346833205662744,232.55860171341962,261.618997
2024-09-23,0.5331651686724272,232.5570298294082,261.618997
2024-09-24,0.5481506704025852,232.55553881320904,261.618997
2024-09-25,0.7615456278189011,232.55486242695426,261.618997
2024-09-26,0.7417928894238632,232.55410063018095,261.618997
2024-09-27,0.7226537745702133,232.5532707742586,261.618997
2024-09-28,0.703965189354169,232.55238231257414,261.618997
2024-09-29,0.6856469498153979,232.5514374046554,261.618997
2024-09-30,0.6676750430599281,232.55043886386656,261.618997
2024-10-01,0.6506045243914272,232.54939069788682,261.618997
2024-10-02,0.6343073655373449,232.5482970350751,261.618997
2024-10-03,0.6187471028695303,232.54716074456903,261.618997
2024-10-04,0.6034171453005147,232.54598349325028,261.618997
2024-10-05,0.588599155667897,232.5447678842719,261.618997
2024-10-06,0.5745085726812931,232.54351728604948,261.618997
2024-10-07,0.5608182305457269,232.5422334171983,261.618997
2024-10-08,0.5474787206858509,232.54091818293819,261.618997
2024-10-09,0.5345845787424911,232.53957300514492,261.618997
2024-10-10,0.52200462662029,232.53819942865834,261.618997
2024-10-11,0.5099453459636328,232.5367993827388,261.618997
2024-10-12,0.4989139794390214,232.53537665221629,261.618997
2024-10-13,0.48806372784576524,232.53393167231445,261.618997
2024-10-14,0.6732525618027547,232.5332651038205,261.618997
2024-10-15,0.6571735874831276,232.53252044434316,261.618997
2024-10-16,0.6530598559886995,232.53176914100345,261.618997
2024-10-17,0.6374686475288379,232.5309615544759,261.618997
2024-10-18,0.6222190786822794,232.53010145210519,261.618997
2024-10-19,0.6074057911023911,232.5291921014111,261.618997
2024-10-20,0.5930562758434483,232.52823617607996,261.618997
2024-10-21,0.5791523238238938,232.52723675599026,261.618997
2024-10-22,0.565552421503462,232.5261948844487,261.618997
2024-10-23,0.5525416603915032,232.52510411814757,261.618997
2024-10-24,0.540148693505468,232.52398563312764,261.618997
2024-10-25,0.5307469245155148,232.52284392881145,261.618997
2024-10-26,0.5198030459035123,232.52167274525434,261.618997
2024-10-27,0.5084408966071752,232.5204707593983,261.618997
2024-10-28,0.4974173881652622,232.51923945936784,261.618997
2024-10-29,0.5592749461087241,232.5182994624974,261.618997
2024-10-30,0.5465900485482911,232.51730983624776,261.618997
2024-10-31,0.5645772620473366,232.51640637224142,261.618997
2024-11-01,0.5814440226304101,232.51558212559485,261.618997
2024-11-02,0.568101788327633,232.51470713546695,261.618997
2024-11-03,0.5551990692688269,232.51378663418987,261.618997
2024-11-04,0.6531663555947478,232.51329252452672,261.618997
2024-11-05,0.8666924055043002,232.51367052386144,261.618997
2024-11-06,1.1897890399162114,232.51537982576872,261.618997
2024-11-07,1.1589180019463787,232.51686928644304,261.618997
2024-11-08,1.1272096815092438,232.51817548338116,261.618997
2024-11-09,1.0965126970358912,232.5193144518305,261.618997
2024-11-10,1.1394452752934725,232.52060723612507,261.618997
2024-11-11,1.1779712750270053,232.5220236876043,261.618997
2024-11-12,1.1468748530042345,232.52326616705028,261.618997
2024-11-13,1.1157161465364973,232.52434739922853,261.618997
2024-11-14,1.2168641031157197,232.52581254886942,261.618997
2024-11-15,1.271411228803155,232.52745591093782,261.618997
2024-11-16,1.2356093092596232,232.52890160586546,261.618997
2024-11-17,1.2016699009741736,232.53017835506404,261.618997
2024-11-18,1.168817177415234,232.53129311767918,261.618997
2024-11-19,1.1716224229077374,232.53238591982898,261.618997
2024-11-20,1.1687691996198621,232.5334484180297,261.618997
2024-11-21,1.167770785961317,232.5344850558338,261.618997
2024-11-22,1.1357924581917243,232.53537171293874,261.618997
2024-11-23,1.1383675120112664,232.5362552760734,261.618997
2024-11-24,1.1074620462112732,232.5369984679881,261.618997
2024-11-25,1.1089221224055237,232.53773372399453,261.618997
2024-11-26,1.189936019139334,232.5387847860923,261.618997
2024-11-27,1.1569384678329442,232.53967573802194,261.618997
2024-11-28,1.1257037238092453,232.54042704903165,261.618997
2024-11-29,1.0913037513905486,232.5410318251819,261.618997
2024-11-30,1.0604489248620343,232.54150989413685,261.618997
2024-12-01,1.0211241668839517,232.5418277897598,261.618997
2024-12-02,0.9777964078282635,232.54199498351454,261.618997
2024-12-03,0.9465416658901634,232.54204241941497,261.618997
2024-12-04,0.9172572710694047,232.5419851018378,261.618997
2024-12-05,0.8922594531739104,232.54183668598998,261.618997
2024-12-06,0.8558421523901049,232.54156437249745,261.618997
2024-12-07,0.8186663391754352,232.5411606980048,261.618997
2024-12-08,0.798674105462219,232.54069063168146,261.618997
2024-12-09,0.8213486009241784,232.54029057230932,261.618997
2024-12-10,0.8226449797469827,232.53989683805594,261.618997
2024-12-11,0.8032472985725839,232.5394344417494,261.618997
2024-12-12,0.7593714244261521,232.53882766510125,261.618997
2024-12-13,0.7193517273315538,232.53809306511155,261.618997
2024-12-14,0.6802443187609919,232.5372474808732,261.618997
2024-12-15,0.6590599428773248,232.53633740599523,261.618997
2024-12-16,0.6491234435254363,232.53540396238841,261.618997
2024-12-17,0.6630804585768699,232.53451925235152,261.618997
2024-12-18,0.654872412243626,232.53361134961008,261.618997
2024-12-19,0.6369651035910132,232.53265164287868,261.618997
2024-12-20,0.6188718071481887,232.5316409154007,261.618997
2024-12-21,0.598824906236779,232.53057315547724,261.618997
2024-12-22,0.5549290185057112,232.5293836545649,261.618997
2024-12-23,0.529037717568606,232.5281287758993,261.618997
2024-12-24,0.5165695448003494,232.5268441616904,261.618997
2024-12-25,0.512169371938126,232.52554953510128,261.618997
2024-12-26,0.5047005865099171,232.52423615703083,261.618997
2024-12-27,0.5079280898201773,232.522941048519,261.618997
2024-12-28,0.5195209678510321,232.52169274528558,261.618997
2024-12-29,0.542147411075438,232.52053027335756,261.618997
2024-12-30,0.5629682715707656,232.51944218736605,261.618997
2024-12-31,0.6076947822751761,232.51850165448275,261.618997
